id,title,slug,lead,content,image,type,custom_field,parent_id,created_at,updated_at,language,seo_title,seo_content,seo_title_desc,seo_content_desc,category_id
1,Dusit International and TDF collaborate to drive excellence in the hospitality sector,dusit-international-and-tdf-collaborate-to-drive-excellence-in-the-hospitality-sector,"13 November 2024
Dusit International and TDF collaborate to drive excellence in the hospitality sector",,,news,,,2024-11-13 00:00:00,2024-11-13 00:00:00,en,Dusit International and TDF collaborate to drive excellence in the hospitality sector,"13 November 2024
Dusit International and TDF collaborate to drive excellence in the hospitality sector",Dusit International and TDF collaborate to drive excellence in the hospitality sector,"13 November 2024
Dusit International and TDF collaborate to drive excellence in the hospitality sector",
2,Dusit Hotels and Resorts expands Devarana – Dusit Retreats portfolio with its first holistic wellness retreat in India,dusit-hotels-and-resorts-expands-devarana-–-dusit-retreats-portfolio-with-its-first-holistic-wellness-retreat-in-india,"07 November 2024
Dusit Hotels and Resorts expands Devarana – Dusit Retreats portfolio with its first holistic wellness retreat in India",,,news,,,2024-11-07 00:00:00,2024-11-07 00:00:00,en,Dusit Hotels and Resorts expands Devarana – Dusit Retreats portfolio with its first holistic wellness retreat in India,"07 November 2024
Dusit Hotels and Resorts expands Devarana – Dusit Retreats portfolio with its first holistic wellness retreat in India",Dusit Hotels and Resorts expands Devarana – Dusit Retreats portfolio with its first holistic wellness retreat in India,"07 November 2024
Dusit Hotels and Resorts expands Devarana – Dusit Retreats portfolio with its first holistic wellness retreat in India",
3,Dusit Foods partners with Japanese food industry giant Green House to drive global expansion of Epicure Catering,dusit-foods-partners-with-japanese-food-industry-giant-green-house-to-drive-global-expansion-of-epicure-catering,"05 November 2024
Dusit Foods partners with Japanese food industry giant Green House to drive global expansion of Epicure Catering",,,news,,,2024-11-05 00:00:00,2024-11-05 00:00:00,en,Dusit Foods partners with Japanese food industry giant Green House to drive global expansion of Epicure Catering,"05 November 2024
Dusit Foods partners with Japanese food industry giant Green House to drive global expansion of Epicure Catering",Dusit Foods partners with Japanese food industry giant Green House to drive global expansion of Epicure Catering,"05 November 2024
Dusit Foods partners with Japanese food industry giant Green House to drive global expansion of Epicure Catering",
4,Dusit International partners with three leading healthcare providers to develop new integrated health and wellness offering in Thailand,dusit-international-partners-with-three-leading-healthcare-providers-to-develop-new-integrated-health-and-wellness-offering-in-thailand,"29 October 2024
Dusit International partners with three leading healthcare providers to develop new integrated health and wellness offering in Thailand",,,news,,,2024-10-29 00:00:00,2024-10-29 00:00:00,en,Dusit International partners with three leading healthcare providers to develop new integrated health and wellness offering in Thailand,"29 October 2024
Dusit International partners with three leading healthcare providers to develop new integrated health and wellness offering in Thailand",Dusit International partners with three leading healthcare providers to develop new integrated health and wellness offering in Thailand,"29 October 2024
Dusit International partners with three leading healthcare providers to develop new integrated health and wellness offering in Thailand",
5,Dusit Hotels & Resorts Returns to India with the Soft Opening of dusitD2 Fagu – A Serene Himalayan Retreat – this December,dusit-hotels-&-resorts-returns-to-india-with-the-soft-opening-of-dusitd2-fagu-–-a-serene-himalayan-retreat-–-this-december,"17 October 2024
Dusit Hotels & Resorts Returns to India with the Soft Opening of dusitD2 Fagu – A Serene Himalayan Retreat – this December",,,news,,,2024-10-17 00:00:00,2024-10-17 00:00:00,en,Dusit Hotels & Resorts Returns to India with the Soft Opening of dusitD2 Fagu – A Serene Himalayan Retreat – this December,"17 October 2024
Dusit Hotels & Resorts Returns to India with the Soft Opening of dusitD2 Fagu – A Serene Himalayan Retreat – this December",Dusit Hotels & Resorts Returns to India with the Soft Opening of dusitD2 Fagu – A Serene Himalayan Retreat – this December,"17 October 2024
Dusit Hotels & Resorts Returns to India with the Soft Opening of dusitD2 Fagu – A Serene Himalayan Retreat – this December",
6,The legendary Dusit Thani Bangkok reopens after a landmark transformation,the-legendary-dusit-thani-bangkok-reopens-after-a-landmark-transformation,"30 September 2024
The legendary Dusit Thani Bangkok reopens after a landmark transformation",,,news,,,2024-09-30 00:00:00,2024-09-30 00:00:00,en,The legendary Dusit Thani Bangkok reopens after a landmark transformation,"30 September 2024
The legendary Dusit Thani Bangkok reopens after a landmark transformation",The legendary Dusit Thani Bangkok reopens after a landmark transformation,"30 September 2024
The legendary Dusit Thani Bangkok reopens after a landmark transformation",
7,Dusit International partners with Paljor Global Corp for South Asian expansion,dusit-international-partners-with-paljor-global-corp-for-south-asian-expansion,"26 September 2024
Dusit International partners with Paljor Global Corp for South Asian expansion",,,news,,,2024-09-26 00:00:00,2024-09-26 00:00:00,en,Dusit International partners with Paljor Global Corp for South Asian expansion,"26 September 2024
Dusit International partners with Paljor Global Corp for South Asian expansion",Dusit International partners with Paljor Global Corp for South Asian expansion,"26 September 2024
Dusit International partners with Paljor Global Corp for South Asian expansion",
8,Dusit international and Saigontourist Group sign MOU to boost tourism development in Thailand and Vietnam,dusit-international-and-saigontourist-group-sign-mou-to-boost-tourism-development-in-thailand-and-vietnam,"19 September 2024
Dusit international and Saigontourist Group sign MOU to boost tourism development in Thailand and Vietnam",,,news,,,2024-09-19 00:00:00,2024-09-19 00:00:00,en,Dusit international and Saigontourist Group sign MOU to boost tourism development in Thailand and Vietnam,"19 September 2024
Dusit international and Saigontourist Group sign MOU to boost tourism development in Thailand and Vietnam",Dusit international and Saigontourist Group sign MOU to boost tourism development in Thailand and Vietnam,"19 September 2024
Dusit international and Saigontourist Group sign MOU to boost tourism development in Thailand and Vietnam",
9,Dusit Thani Bangkok partners with Porsche Thailand to offer ‘one-of-a-kind’ luxury limousine service for guests,dusit-thani-bangkok-partners-with-porsche-thailand-to-offer-‘one-of-a-kind’-luxury-limousine-service-for-guests,"16 September 2024
Dusit Thani Bangkok partners with Porsche Thailand to offer ‘one-of-a-kind’ luxury limousine service for guests",,,news,,,2024-09-16 00:00:00,2024-09-16 00:00:00,en,Dusit Thani Bangkok partners with Porsche Thailand to offer ‘one-of-a-kind’ luxury limousine service for guests,"16 September 2024
Dusit Thani Bangkok partners with Porsche Thailand to offer ‘one-of-a-kind’ luxury limousine service for guests",Dusit Thani Bangkok partners with Porsche Thailand to offer ‘one-of-a-kind’ luxury limousine service for guests,"16 September 2024
Dusit Thani Bangkok partners with Porsche Thailand to offer ‘one-of-a-kind’ luxury limousine service for guests",
10,Dusit Thani Bangkok launches exclusive docuseries charting the iconic hotel’s bold reimagining as part of Dusit Central Park,dusit-thani-bangkok-launches-exclusive-docuseries-charting-the-iconic-hotel’s-bold-reimagining-as-part-of-dusit-central-park,"10 September 2024
Dusit Thani Bangkok launches exclusive docuseries charting the iconic hotel’s bold reimagining as part of Dusit Central Park",,,news,,,2024-09-10 00:00:00,2024-09-10 00:00:00,en,Dusit Thani Bangkok launches exclusive docuseries charting the iconic hotel’s bold reimagining as part of Dusit Central Park,"10 September 2024
Dusit Thani Bangkok launches exclusive docuseries charting the iconic hotel’s bold reimagining as part of Dusit Central Park",Dusit Thani Bangkok launches exclusive docuseries charting the iconic hotel’s bold reimagining as part of Dusit Central Park,"10 September 2024
Dusit Thani Bangkok launches exclusive docuseries charting the iconic hotel’s bold reimagining as part of Dusit Central Park",
11,Dusit Hotels and Resorts and Generator and Freehand Hotels enter strategic development partnership to boost global expansion in new markets,dusit-hotels-and-resorts-and-generator-and-freehand-hotels-enter-strategic-development-partnership-to-boost-global-expansion-in-new-markets,"03 September 2024
Dusit Hotels and Resorts and Generator and Freehand Hotels enter strategic development partnership to boost global expansion in new markets",,,news,,,2024-09-03 00:00:00,2024-09-03 00:00:00,en,Dusit Hotels and Resorts and Generator and Freehand Hotels enter strategic development partnership to boost global expansion in new markets,"03 September 2024
Dusit Hotels and Resorts and Generator and Freehand Hotels enter strategic development partnership to boost global expansion in new markets",Dusit Hotels and Resorts and Generator and Freehand Hotels enter strategic development partnership to boost global expansion in new markets,"03 September 2024
Dusit Hotels and Resorts and Generator and Freehand Hotels enter strategic development partnership to boost global expansion in new markets",
12,"Dusit Thani Public Company Limited signs MOU with King Chulalongkorn Memorial Hospital to integrate luxury hospitality with medical services at Dusit Suites Hotel Ratchadamri, Bangkok","dusit-thani-public-company-limited-signs-mou-with-king-chulalongkorn-memorial-hospital-to-integrate-luxury-hospitality-with-medical-services-at-dusit-suites-hotel-ratchadamri,-bangkok","29 August 2024
Dusit Thani Public Company Limited signs MOU with King Chulalongkorn Memorial Hospital to integrate luxury hospitality with medical services at Dusit Suites Hotel Ratchadamri, Bangkok",,,news,,,2024-08-29 00:00:00,2024-08-29 00:00:00,en,"Dusit Thani Public Company Limited signs MOU with King Chulalongkorn Memorial Hospital to integrate luxury hospitality with medical services at Dusit Suites Hotel Ratchadamri, Bangkok","29 August 2024
Dusit Thani Public Company Limited signs MOU with King Chulalongkorn Memorial Hospital to integrate luxury hospitality with medical services at Dusit Suites Hotel Ratchadamri, Bangkok","Dusit Thani Public Company Limited signs MOU with King Chulalongkorn Memorial Hospital to integrate luxury hospitality with medical services at Dusit Suites Hotel Ratchadamri, Bangkok","29 August 2024
Dusit Thani Public Company Limited signs MOU with King Chulalongkorn Memorial Hospital to integrate luxury hospitality with medical services at Dusit Suites Hotel Ratchadamri, Bangkok",
