Alphabet,Immatriculation,Raison sociale,Enseigne,Adresse,Code postal,Ville,Téléphone,Fax,E-mail,Site web,Hyperlink
A,IM 069 10 0107,A GOLFING EXPERIENCE,,"68 TER, RUE CHAZIÈRE",69004,LYON,+33 4 78 39 48 20,,s.legros@agolfingexperience.com,,https://edv.travel/annuaire-des-adherents/fiche-adherent/?id=32959
A,IM 02B 14 0001,A L'ALBA VOYAGES / SELECTOUR,,AVENUE DU 9 SEPTEMBRE - RN 198,20240,GHISONACCIA,+33 4 95 57 12 00,,albavoyages@orange.fr,,https://edv.travel/annuaire-des-adherents/fiche-adherent/?id=31933
A,IM 031 12 0025,A LA UNE VOYAGES,,"7, RUE DE KOUROU",31240,L'UNION,+33 5 61 99 92 91,,dl.lacroix@a-la-une.fr,www.a-la-une.fr,https://edv.travel/annuaire-des-adherents/fiche-adherent/?id=31979
A,IM 059 21 0001,A-BOU DU MONDE - TUI,TUI FRANCE - TUI STORE,"15, PLACE DU GÉNÉRAL DE GAULLE",59700,MARCQ EN BAROEUL,+33 3 20 98 86 98,,afall@tuifrance.com,,https://edv.travel/annuaire-des-adherents/fiche-adherent/?id=32678
A,IM 094 14 0006,AB CREATEUR D'HORIZONS - TUI,TUI STORE,"26, RUE ROBERT GIRAUDINEAU",94300,VINCENNES,+33 6 04 08 21 73,,ab.createurdhorizons@gmail.com,,https://edv.travel/annuaire-des-adherents/fiche-adherent/?id=34731
A,IM 013 12 0047,AB DESTINATION & TOURISM,AB DESTINATION PREMIUM - PRÊT A PARTIR -,"32, ESPLANADE DES BELGES - 2ÈME ÉTAGE -",13500,MARTIGUES,+33 4 86 37 72 12,,service@destinationpremium.com,www.destinationpremium.com,https://edv.travel/annuaire-des-adherents/fiche-adherent/?id=31734
A,IM 017 10 0004,AB VOYAGES / SELECTOUR,JET TOURS,"100, RUE GAMBETTA",17208,ROYAN CEDEX 02,+33 5 46 39 97 76,,abvoyages@selectour.com,www.abvoyages.fr,https://edv.travel/annuaire-des-adherents/fiche-adherent/?id=31798
A,IM 094 20 0006,ABI VOYAGES,,"32, AVENUE DANIELLE CASANOVA",94400,VITRY SUR SEINE,+33 1 48 92 33 78,,contact@abivoyages.com,www.abivoyages.com,https://edv.travel/annuaire-des-adherents/fiche-adherent/?id=34736
A,IM 078 12 0036,ACANTHE VOYAGES / SELECTOUR,,CENTRE COMMERCIAL LA VILLEDIEU,78990,ELANCOURT,+33 1 30 50 58 58,,acanthe-elancourt@selectour.com,www.acanthe-voyages.com,https://edv.travel/annuaire-des-adherents/fiche-adherent/?id=34097
A,IM 075 10 0155,ACBA / SELECTOUR,DETOURS VOYAGES,"80, BLD RASPAIL",75006,PARIS,+33 1 45 44 48 49,,raspail@detours.fr,,https://edv.travel/annuaire-des-adherents/fiche-adherent/?id=33358
A,IM 059 11 0031,ACCESS ORGANISATION GROUP,AORA VOYAGES - BLUE RALLY - TWIN RAID,"IMMEUBLE NEWTON - 2, RUE HÉRACLÈS",59650,VILLENEUVE D'ASCQ,+33 3 20 04 03 69,,contact@aoravoyages.fr,www.aoravoyages.fr,https://edv.travel/annuaire-des-adherents/fiche-adherent/?id=32636
A,IM 045 12 0006,ACCESS TOURISME SERVICE,- ATS -,"24, RUE DU 11 NOVEMBRE",45130,CHARSONVILLE,+33 2 38 74 28 40,,access.tourisme.service@wanadoo.fr,access-tourisme.com,https://edv.travel/annuaire-des-adherents/fiche-adherent/?id=32305
A,IM 059 10 0010,ACFE SELS - VIVALANGUES / UNOSEL,,"12, RUE DE CONDÉ - BP 90221",59562,LA MADELEINE CEDEX,+33 3 20 63 11 02,,viva@vivalangues.fr,www.vivalangues.fr,https://edv.travel/annuaire-des-adherents/fiche-adherent/?id=32595
A,IM 075 12 0239,ACI VOYAGE / MANOR,ACI WORLD WIDE TRAVEL - MANOR,"75, AVENUE PARMENTIER",75011,PARIS,+33 1 40 21 11 10,,ticketing@acivoyage.com,,https://edv.travel/annuaire-des-adherents/fiche-adherent/?id=33787
A,IM 017 11 0007,ACTIF VOYAGES / HAVAS VOYAGES,HAVAS VOYAGES,"22, RUE COCHON DUVIVIER",17300,ROCHEFORT,+33 5 46 88 43 94,,rochefort@havas-voyages.fr,,https://edv.travel/annuaire-des-adherents/fiche-adherent/?id=31808
A,IM 075 10 0192,ACTION SEJOURS / UNOSEL,,"13, RUE ROSENWALD",75015,PARIS,+33 1 45 30 91 91,,nperot@action-sejours.com,www.action-sejours.com,https://edv.travel/annuaire-des-adherents/fiche-adherent/?id=33366
A,IM 030 12 0002,ACTIVE FRANCE ADVENTURES,DISCOVER FRANCE,"427, RUE HÉLÈNE BOUCHER",34130,MAUGUIO,+33 4 67 15 82 00,,thomas@discoverfrance.com,www.discoverfrance.com,https://edv.travel/annuaire-des-adherents/fiche-adherent/?id=31938
A,IM 075 10 0063,ACTIVE TRAVEL AND LANGUAGE / UNOSEL,ATL,"131, RUE DE PICPUS, 11, rue de la Derance",75012,PARIS,+33 1 43 07 07 90,,olivier@sejours-atl.fr,www.sejours-atl.fr,https://edv.travel/annuaire-des-adherents/fiche-adherent/?id=33333
A,IM 013 10 0127,ACTUEL VOYAGES / CEDIV,CEDIV,"PÔLE COMMERCIAL LES CARABINS, 179, rue Paradis",13270,FOS SUR MER,+33 4 42 05 06 95,,actuel-voyages@orange.fr,,https://edv.travel/annuaire-des-adherents/fiche-adherent/?id=31705
A,IM 064 10 0055,ADICHAT'S VOYAGES,,426 ROUTE D'OLORON,64360,LUCQ-DE-BÉARN,+33 5 59 34 39 00,,cabauzit@tendancesud.com,https://adichatsvoyages.com,https://edv.travel/annuaire-des-adherents/fiche-adherent/?id=32817
A,IM 034 11 0032,ADOS VOYAGES SAS / CDMV,REVE D'AILLEURS - CDMV,"71, RUE DES CARRIÈRES",34160,SAINT GENIES DES MORGUES,+33 4 67 75 18 67,,contact@adosvoyages.com,https://www.classes-decouvertes.com/,https://edv.travel/annuaire-des-adherents/fiche-adherent/?id=32047
A,IM 075 16 0013,AEROCAP SERVICES - BEL AFRICA / CDMV,CDMV,"155, RUE DU FAUBOURG SAINT-DENIS",75010,PARIS,+33 6 33 40 57 73,,contact@belafrica.net,www.belafrica.com,https://edv.travel/annuaire-des-adherents/fiche-adherent/?id=33944
A,IM 069 10 0031,AEROSUN / SELECTOUR,AEROSUN VOYAGES / ESCAPADES TO,"24, RUE RENÉ CASSIN",69009,LYON,+33 4 72 43 98 98,,dduc@aerosun.fr,www.aerosun.biz,https://edv.travel/annuaire-des-adherents/fiche-adherent/?id=32936
A,IM 075 16 0011,AERTICKET FRANCE SAS,,"1 BIS, RUE EDMOND NOCARD",94410,SAINT MAURICE,+33 6 74 66 22 27,,charlotte@aerticket.fr,https://cockpit.aerticket.fr,https://edv.travel/annuaire-des-adherents/fiche-adherent/?id=33943
A,IM 094 11 0022,AFS VIVRE SANS FRONTIERE,,8 QUAI BIR HAKEIM - CS 815,94415,SAINT MAURICE CEDEX,+33 1 45 14 03 10,,info-france@afs.org,www.afs-fr.org,https://edv.travel/annuaire-des-adherents/fiche-adherent/?id=34714
A,IM 047 10 0007,AGENA VOYAGES / SELECTOUR,,"1216, AVENUE DU MIDI",47000,AGEN,+33 5 53 66 62 42,,carole@agena-voyages.com,www.agena-voyages.com,https://edv.travel/annuaire-des-adherents/fiche-adherent/?id=32335
A,IM 044 10 0010,AGENCE DE BOÜARD - LA MAISON DES VOYAEGS / SELECTOUR,PREFERENCE,"6, PLACE BILANGE - BP 213",49415,SAUMUR CEDEX,,,saumurvoyages@preference-360.com,,https://edv.travel/annuaire-des-adherents/fiche-adherent/?id=32215
A,IM 080 11 0005,AGENCE DE VOYAGES PERDIGEON / AVP,,ZONE INDUSTRIELLE DE LA CHAPELETTE,80200,PERONNE,+33 3 22 20 73 73,,perdigeon.voyages@wanadoo.fr,,https://edv.travel/annuaire-des-adherents/fiche-adherent/?id=34124
A,IM 049 12 0004,AGENCE DE VOYAGES ROBIN / SELECTOUR,ATV VOYAGES,"75, AVENUE MONTAIGNE - ESPACE ANJOU",49100,ANGERS,,,atvvoyages@selectour.com,,https://edv.travel/annuaire-des-adherents/fiche-adherent/?id=32391
A,IM 062 11 0017,AGENCE DELANNOY JUMEZ / HAVAS VOYAGES,HAVAS VOYAGES,"219, ROUTE NATIONALE",62290,NOEUX LES MINES,+33 3 21 54 71 54,,voyagesdelannoy.noeux@wanadoo.fr,,https://edv.travel/annuaire-des-adherents/fiche-adherent/?id=32761
A,IM 059 11 0036,AGENCE MER ET SOLEIL / CEDIV,CEDIV,"92, RUE DE L'EPEULE",59100,ROUBAIX,+33 3 20 28 05 28,,agencemeretsoleil@orange.fr,,https://edv.travel/annuaire-des-adherents/fiche-adherent/?id=32638
A,IM 971 10 0008,AGENCE PENCHARD / SELECTOUR,,"1 BIS, RUE DE LA RÉPUBLIQUE",97100,BASSE TERRE (GUADELOUPE),+33 5 90 81 27 12,,jmpenchard@penchard-voyages.fr,www.penchard-voyages.fr,https://edv.travel/annuaire-des-adherents/fiche-adherent/?id=34768
A,IM 031 10 0017,AGENCE PROFIL ORGANISATION,A.P.O.,B.A.L N° 602 - HÉLIOS 4,31100,TOULOUSE,+33 5 61 20 56 09,,denis.saura@profilorganisation.fr,www.profilorganisation.fr,https://edv.travel/annuaire-des-adherents/fiche-adherent/?id=31956
A,IM 033 10 0026,AGENCE REOLAISE EVASIONS / SELECTOUR,AGR EVASIONS LANGON VOYAGES,"21, PLACE DU GÉNÉRAL DE GAULLE",33210,LANGON,+33 5 56 63 11 11,,langon.voyages@agrevasions.fr,www.agrevasions.fr,https://edv.travel/annuaire-des-adherents/fiche-adherent/?id=31996
A,IM 049 17 0002,AGENCE V COMME VOYAGES / SELECTOUR,,"4, PLACE PIERRE MENDÈS FRANCE",49100,ANGERS,+33 2 41 74 15 07,,p.voisin@voyages-voisin.com,,https://edv.travel/annuaire-des-adherents/fiche-adherent/?id=32401
A,IM 075 15 0044,AGENCE VALVITAL,Valvital,"16, RUE DE BEAUJOLAIS",75001,PARIS,+33 4 79 35 68 39,,catherine.riac@valvital.fr,www.valvital.fr,https://edv.travel/annuaire-des-adherents/fiche-adherent/?id=33894
A,IM 049 12 0008,AGENCE VOYAGES BESSON,,"21, RUE NATIONALE",49690,CORON,+33 2 41 49 07 49,,voyages.besson@wanadoo.fr,www.voyages-besson.fr,https://edv.travel/annuaire-des-adherents/fiche-adherent/?id=32397
A,IM 017 10 0014,AGENCE YSSEO,YSSEO EVENT - MON SEMINAIRE A LA ROCHELLE,"6 TER, RUE DE LA DÉSIRÉE-LA VILLE EN BOIS",17000,LA ROCHELLE,+33 5 46 29 70 91,,info@ysseoevent.com,www.ysseoevent.com,https://edv.travel/annuaire-des-adherents/fiche-adherent/?id=31799
A,IM 006 10 0005,AGETOURS VOYAGES / SELECTOUR,AGETOURS - CMONAGENCE.COM,"43, BLD GAMBETTA",06000,NICE,+33 4 93 82 00 24,,agetours@gmail.com,www.cmonvoyage.com,https://edv.travel/annuaire-des-adherents/fiche-adherent/?id=31502
A,IM 056 10 0019,AILLEURS ET AUTREMENT VOYAGES / CEDIV,AGENCE DE VOYAGES S.A.Y.A. / CEDIV,"16, RUE DU FOUR MOLLET",56400,AURAY,+33 2 97 56 32 21,,contact@ailleurs-et-autrement.com,www.ailluers-et-autrement.com,https://edv.travel/annuaire-des-adherents/fiche-adherent/?id=32527
A,IM 075 10 0193,AIM'VOYAGES / TOURCOM,TOURCOM,"52, RUE DES ACACIAS",75017,PARIS,+33 1 40 55 80 60,,aim.voyages@wanadoo.fr,www.aimvoyages.com,https://edv.travel/annuaire-des-adherents/fiche-adherent/?id=33367
A,IM 976 12 0001,AIR MAYOTTE VOYAGES / SELECTOUR,AMVOYAGES,CC LUKIDA,97690,KOUNGOU,06.39.69.10.05,,sejours@agences-issoufali.com,,https://edv.travel/annuaire-des-adherents/fiche-adherent/?id=34863
A,IM 974 12 0001,AIR VOYAGES,,"40, RUE DES BONS ENFANTS - BP 89 -",97453,SAINT PIERRE - LA REUNION,+33 2 62 96 27 17,,mhmdgangat@orange.fr,,https://edv.travel/annuaire-des-adherents/fiche-adherent/?id=34848
A,IM 094 10 0021,AIRMASTERS,,"163, RUE DES ROSES",77710,SERVON,+33 1 45 18 35 25,,ans@airmasters.fr,,https://edv.travel/annuaire-des-adherents/fiche-adherent/?id=34704
A,IM 075 13 0023,AIRWAYS DEVELOPPEMENT ET CONSEILS / MANOR,Holding Airways Développement et Conseils,"20, RUE DE GRAMONT",75002,PARIS,+33 1 40 15 91 91,,kaboub@airwaysdc.com,www.airwaysdc.com,https://edv.travel/annuaire-des-adherents/fiche-adherent/?id=33807
A,IM 031 10 0025,ALACARTE VOYAGES - OVALIE EVENTS,OVALIE EVENTS,"45, CENTRE COMMERCIAL SAINT-CAPRAIS",31240,L'UNION,+33 5 34 60 56 63,,alacarte31@free.fr,www.alacarte31.com,https://edv.travel/annuaire-des-adherents/fiche-adherent/?id=31958
A,IM 075 11 0266,ALAIN ALBERIC LIBERT VOYAGES / SELECTOUR,LIBERT VOYAGES,"116, RUE DE TOCQUEVILLE",75017,PARIS,+33 1 47 66 01 88,,agence@libertvoyages.fr,www.libertvoyages.com,https://edv.travel/annuaire-des-adherents/fiche-adherent/?id=33728
A,IM 006 12 0001,ALAZURA VOYAGES / SELECTOUR,,"MARCHÉ FORVILLE, 17, rue du Dr Pierre Gazagnaire",06400,CANNES,+33 4 97 06 90 30,,alazura@selectour.com,www.alazuravoyages.com,https://edv.travel/annuaire-des-adherents/fiche-adherent/?id=31529
A,IM 059 12 0003,ALBATOUR / HAVAS VOYAGES,HAVAS VOYAGES,"251, RUE DE PARIS",59500,DOUAI,+33 3 27 99 73 69,,albatour.douai@wanadoo.fr,,https://edv.travel/annuaire-des-adherents/fiche-adherent/?id=32645
A,IM 081 10 0003,ALBI VOYAGE / SELECTOUR,,"21, AVENUE GAMBETTA",81000,ALBI,+33 5 63 49 46 56,,ralabert@selectour.com,www.albivoyage.com,https://edv.travel/annuaire-des-adherents/fiche-adherent/?id=34132
A,IM 073 10 0045,ALEFA / UNOSEL,SANS FRONTIERES,"33, AVENUE D'ITALIE",75013,PARIS,+33 4 79 31 27 06,,direction@sans-frontieres.fr,www.sans-frontieres.fr,https://edv.travel/annuaire-des-adherents/fiche-adherent/?id=33263
A,IM 012 15 0002,ALFA VOYAGES / SELECTOUR,,"120, PLACE WILSON",12300,DECAZEVILLE,+33 5 65 63 50 05,,alfavoyages@gmail.com,,https://edv.travel/annuaire-des-adherents/fiche-adherent/?id=31671
A,IM 094 11 0033,ALFORT VOYAGES / MANOR,SKY EXPERT AGENCY,"11 BIS, PLACE JEAN MOULIN",94700,MAISONS ALFORT,+33 1 49 77 82 04,,alfort.voyages@wanadoo.fr,,https://edv.travel/annuaire-des-adherents/fiche-adherent/?id=34718
A,IM 974 10 0001,ALIZOA VOYAGES,,RÉSIDENCE PERLE DES ROCHES,97434,SAINT GILLES LES BAINS,+33 2 62 24 58 45,,pdebiasi@alizoavoyages.com,www.alizoavoyages.com,https://edv.travel/annuaire-des-adherents/fiche-adherent/?id=34810
A,IM 971 12 0012,ALL ABOUT ST BARTS / CEDIV,DESTINATION ST BARTS - CEDIV,"2, RUE DU ROI OSCAR II - GUSTAVIA",97133,SAINT BARTHELEMY,06.90.56.45.68,,elodie@allaboutstbarts.com,,https://edv.travel/annuaire-des-adherents/fiche-adherent/?id=34777
A,IM 006 14 0015,ALL IS EVENT,,"71, AVENUE DE BRANCOLAR",06100,NICE,+33 9 80 48 97 87,,franck.lafargue@all-is-event.com,,https://edv.travel/annuaire-des-adherents/fiche-adherent/?id=31548
A,IM 075 11 0286,ALLAMANDA VOYAGES / MANOR,,"3, IMPASSE DE LA GAITÉ",75014,PARIS,+33 1 43 22 99 99,,pierremariecossart@allamanda-voyages.fr,,https://edv.travel/annuaire-des-adherents/fiche-adherent/?id=33732
A,IM 075 12 0140,ALLEES VENUES SAS / MANOR,,"20, RUE GÉNÉRAL BERTRAND",75007,PARIS,+33 1 53 58 45 00,,pascale.ado@alleesvenues.fr,www.alleevenues.com,https://edv.travel/annuaire-des-adherents/fiche-adherent/?id=33769
A,IM 042 19 0009,ALLEZ OOP VOYAGES - TUI,TUI FRANCE - TUI STORE,"3, PLACE DES PROMENADES",42300,ROANNE,+33 4 77 78 13 64,,agenceroanne-mdt@tuifrance.com,www.agences-de-voyages.tui.fr,https://edv.travel/annuaire-des-adherents/fiche-adherent/?id=32200
A,IM 075 12 0267,ALLTOURS / SELECTOUR,,"22, AVENUE DE FLANDRE",75019,PARIS,+33 1 40 38 92 31,,youcef.alltours@selectour.com,,https://edv.travel/annuaire-des-adherents/fiche-adherent/?id=33793
A,IM 075 17 0062,ALMA MUNDI / CDMV,CDMV,"4, PASSAGE DES ABBESSES",75018,PARIS,+33 9 54 37 91 73,,tanja@alma-mundi.fr,www.alma-mundi.fr,https://edv.travel/annuaire-des-adherents/fiche-adherent/?id=33955
A,IM 033 17 0019,ALMASAND VOYAGES/ CEDIV,TUI STORE - CEDIV,"8, AVENUE DE VERDUN",33610,CESTAS,+33 5 57 00 92 70,,agencecestas@almasandvoyages.com,,https://edv.travel/annuaire-des-adherents/fiche-adherent/?id=32024
A,IM 064 22 0004,ALOE VOYAGES / SELECTOUR,Sarlu Aloe Voyages,"35, RUE DU GÉNÉRAL LECLERC",64110,JURANCON,+33 5 35 53 94 50,,aloevoyages@selectour.com,,https://edv.travel/annuaire-des-adherents/fiche-adherent/?id=32842
A,IM 085 10 0031,ALOUETTES VOYAGES,,"1, RUE CLÉMENT ADER",85620,ROCHESERVIERE,+33 2 51 94 90 71,,alouette@voyages-bourmaud.net,,https://edv.travel/annuaire-des-adherents/fiche-adherent/?id=34217
A,IM 004 12 0006,ALPES MEDITERRANEE VOYAGES / SELECTOUR,SCAL VOYAGES,PLACE DU TAMPINET,04000,DIGNE LES BAINS,+33 4 92 32 12 93,,scalvoyages@selectour.com,,https://edv.travel/annuaire-des-adherents/fiche-adherent/?id=31487
A,IM 026 10 0009,ALPES TOURS RESERVATION,ATR DECOUVERTE,"1, RUE ZAMENHOF",26200,MONTELIMAR,+33 4 75 10 02 10,,marc@atr-decouverte.fr,www.atr-decouverte.fr,https://edv.travel/annuaire-des-adherents/fiche-adherent/?id=31867
A,IM 094 17 0004,ALPITOUR FRANCE,BRAVO CLUB,"13, AVENUE DU GÉNÉRAL LECLERC, Tour Lumina 13",94700,MAISONS ALFORT,,,patrice.caradec@alpitour.fr,,https://edv.travel/annuaire-des-adherents/fiche-adherent/?id=34734
A,IM 067 10 0025,ALSACE CROISIERES - CROISIEUROPE,CROISI EUROPE - CROISI VOYAGES,"12, RUE DE LA DIVISION LECLERC",67080,STRASBOURG CEDEX,+33 3 88 76 44 44,,mfarago@croisieurope.com,www.croisieurope.com,https://edv.travel/annuaire-des-adherents/fiche-adherent/?id=32874
A,IM 054 10 0011,ALSAVOSGES TOURISME / SELECTOUR,,"1 BIS, RUE DU PRÉ CONTAL",54300,LUNEVILLE,+33 3 83 73 23 98,,alsavosges.tourisme1@orange.fr,,https://edv.travel/annuaire-des-adherents/fiche-adherent/?id=32482
A,IM 075 10 0154,ALTAREIS / CEDIV,ALTANUEVA - CEDIV -,"20, RUE DU SENTIER",75002,PARIS,+33 1 40 13 15 60,,fb@altanueva.fr,www.altanueva.fr,https://edv.travel/annuaire-des-adherents/fiche-adherent/?id=33357
A,IM 078 18 0001,ALTERRUMBO SARL,,"8, RUE DES FRÈRES CAUDRON",78140,VELIZY VILLACOUBLAY,+33 6 67 29 09 60,,contact@alterrumbo.com,www.alterrumbo.com,https://edv.travel/annuaire-des-adherents/fiche-adherent/?id=34108
A,IM 075 12 0148,ALTIMONDE VOYAGES / MANOR,Groupe Amplitudes,"7, RUE DE LOUVOIS",75002,PARIS,+33 1 42 86 84 98,,contact@amplitudes.com,,https://edv.travel/annuaire-des-adherents/fiche-adherent/?id=33770
A,IM 075 11 0181,ALTIS / CDMV,CDMV,"1, CITÉ DE TRÉVISE",75009,PARIS,+33 1 44 83 84 22,,y.hervy@altis-voyages.fr,www.altis-voyages.fr,https://edv.travel/annuaire-des-adherents/fiche-adherent/?id=33703
A,IM 075 15 0065,ALTITUDES TRAVEL / SELECTOUR,Plateau Affaires,"10, RUE DE LOUVOIS",75002,PARIS,+33 1 75 43 67 01,,bdaboville@altitudestravel.com,,https://edv.travel/annuaire-des-adherents/fiche-adherent/?id=33941
A,IM 075 10 0229,ALTOUR FRANCE / MANOR,UNIGLOBE,"140, AVENUE JOSEPH KESSEL",78960,VOISINS LE BRETONNEUX,+33 1 39 44 79 90,,fcalvino@agisvoyages.com,www.agisbt.com,https://edv.travel/annuaire-des-adherents/fiche-adherent/?id=33388
A,IM 068 12 0010,ALZA VOYAGES / SELECTOUR,,"5, RUE DE GIVET",68130,ALTKIRCH,+33 3 89 40 17 08,,info@alza-voyages.com,,https://edv.travel/annuaire-des-adherents/fiche-adherent/?id=32919
A,IM 092 17 0013,AM VOYAGES / SELECTOUR,,"12, RUE DE CHÉZY",92200,NEUILLY SUR SEINE,+33 1 47 47 77 13,,amvoyages@selectour.com,,https://edv.travel/annuaire-des-adherents/fiche-adherent/?id=34539
A,IM 038 11 0008,AMA TOURISME / SELECTOUR,,"26, RUE DU BOURNET",38180,SEYSSINS,+33 4 38 12 83 53,,direction.amatourisme@selectour.com,,https://edv.travel/annuaire-des-adherents/fiche-adherent/?id=32144
A,IM 013 16 0013,AMANIVY VOYAGES / CEDIV,CEDIV,"5, CHEMIN DES DRAGÉES",13200,ARLES,+33 4 90 96 53 93,,george.valerie99@gmail.com,,https://edv.travel/annuaire-des-adherents/fiche-adherent/?id=31744
A,IM 030 22 0002,AMARENA VOYAGES SAS / CEDIV,AMARENA - CEDIV,"55, AVENUE CHARLES DE GAULLE, 116, rue André Dupont",30133,LES ANGLES,+33 4 90 90 00 00,,amarena.voyages@gmail.com,,https://edv.travel/annuaire-des-adherents/fiche-adherent/?id=31945
A,IM 095 17 0007,AMBITION VOYAGES / SELECTOUR,ARAX VOYAGES,"34, RUE JEAN JAURÈS",95400,ARNOUVILLE LES GONNESSE,+33 1 39 85 18 00,,arax@araxvoyages.com,,https://edv.travel/annuaire-des-adherents/fiche-adherent/?id=34753
A,IM 093 19 0002,AMELOMA,LVE TRAVEL,37 ALLÉE DU SABLE,33470,GUJAN MESTRAS,+33 1 42 83 64 71,,melody@lve-travel.fr,,https://edv.travel/annuaire-des-adherents/fiche-adherent/?id=34699
A,IM 092 11 0059,AMERASIA,,"30, RUE PASTEUR",92150,SURESNES,+33 1 47 72 55 55,,jacky@amerasia.fr,www.amerasia.com,https://edv.travel/annuaire-des-adherents/fiche-adherent/?id=34510
A,IM 092 14 0003,AMERICAN EXPRESS CARTE FRANCE,Travel & Lifestyle Services,"8/10, RUE HENRI SAINTE CLAIRE DEVILLE",92506,RUEIL MALMAISON,+33 1 47 77 31 45,,isabelle.b.textoris@aexp.com,,https://edv.travel/annuaire-des-adherents/fiche-adherent/?id=34533
A,IM 075 10 0088,AMERIQUES AVENTURE / CDMV,VOYAGES COUTURE - CDMV,"18, RUE STANISLAS TORRENTS",13006,MARSEILLE,+33 1 76 50 29 29,,direction@voyagescouture.com,www.voyagescouture.com,https://edv.travel/annuaire-des-adherents/fiche-adherent/?id=33345
A,IM 075 11 0280,AMI VOYAGES INTERNATIONAL,,"157, RUE LA FAYETTE",75010,PARIS,+33 1 53 26 73 86,,amivoyages2002@free.fr,www.amivoyages.com,https://edv.travel/annuaire-des-adherents/fiche-adherent/?id=33731
A,IM 059 17 0005,AMPA VOYAGES / CEDIV,CEDIV,"117, RUE DU GÉNÉRAL DE GAULLE",59110,LA MADELEINE,+33 3 28 05 28 85,,vincentbalague@ampavoyages.com,,https://edv.travel/annuaire-des-adherents/fiche-adherent/?id=32665
A,IM 031 10 0041,AMPLITUDES / MANOR,SARL VIGMA,"20, RUE DU REMPART SAINT ETIENNE",31000,TOULOUSE,+33 5 67 31 70 00,,contact@amplitudes.com,www.amplitudes.com,https://edv.travel/annuaire-des-adherents/fiche-adherent/?id=31960
A,IM 075 11 0054,AMSLAV TOURISME SARL,AMSLAV - TROIKA,"60, RUE DE RICHELIEU",75002,PARIS,+33 1 40 59 43 10,,natacha@amslav.com,www.amslav.com,https://edv.travel/annuaire-des-adherents/fiche-adherent/?id=33679
A,IM 033 13 0003,AMYTHIS,,"61 COURS GEORGES CLÉMENCEAU, Face à la Halle",33000,BORDEAUX,+33 5 56 50 78 06,,bordeaux@amythis.fr,www.amythis.fr,https://edv.travel/annuaire-des-adherents/fiche-adherent/?id=32018
A,IM 013 10 0083,ANAPIA VOYAGES / CDMV,CDMV,"9, ALLÉE DES FLEURS",64500,SAINT JEAN DE LUZ,+33 4 42 54 21 52,,sylvia@anapiavoyages.fr,www.anapiavoyages.fr,https://edv.travel/annuaire-des-adherents/fiche-adherent/?id=31694
A,IM 051 10 0024,ANDALOUS TOURS / TOURCOM,TOURCOM,"13, PLACE PIERRE DE FERMAT, 550, bld Jean Monnet",51100,REIMS,+33 3 26 35 69 20,,contact@andalous-tours.fr,,https://edv.travel/annuaire-des-adherents/fiche-adherent/?id=32417
A,IM 049 11 0018,ANGERS VOYAGES / SELECTOUR,COSMOS VOYAGES,"56, RUE VOLNEY",49100,ANGERS,+33 2 41 24 68 30,,y.souchet@cosmos-voyages.fr,,https://edv.travel/annuaire-des-adherents/fiche-adherent/?id=32387
A,IM 082 19 0003,ANGLAIS IN FRANCE / UNOSEL,,"3, IMPASSE DE L'ANCIEN PRESBYTÈRE",82220,VAZERAC,+33 5 63 65 87 26,,contact@anglais-in-france.fr,www.anglais-in-france.fr,https://edv.travel/annuaire-des-adherents/fiche-adherent/?id=34143
A,IM 064 10 0018,ANGLET VOYAGES / SELECTOUR,,"3, AVENUE DE BAYONNE",64600,ANGLET,+33 5 59 63 64 50,,anglet.voyages.dominique@orange.fr,www.anglet-voyages.com,https://edv.travel/annuaire-des-adherents/fiche-adherent/?id=32788
A,IM 075 00 0016,ANIMA DECOUVERTE CULTURE ET FORMATIONS,,"9, RUE DU PONT DES MORTS",57000,METZ,+33 3 72 39 09 27,,contact@anima-lorraine.fr,anima-lorraine.fr,https://edv.travel/annuaire-des-adherents/fiche-adherent/?id=33313
A,IM 074 11 0065,ANNECY TRAVEL / CEDIV,CEDIV,7 PASSAGE DE VIGNIÈRES,74000,ANNECY,+33 4 50 57 11 14,,contact@annecytravel.com,,https://edv.travel/annuaire-des-adherents/fiche-adherent/?id=33291
A,IM 059 10 0034,ANNEFRANC SARL,TUI FRANCE - TUI STORE - NOUVELLES FRONTIERES,"19, PLACE CHARLES DE GAULLE",59500,DOUAI,+33 6 14 09 47 45,,myrkoralewski@yahoo.fr,,https://edv.travel/annuaire-des-adherents/fiche-adherent/?id=32612
A,IM 974 18 0006,ANTHURIUM TOURISME O.I,ANTHURIUM TOURISME OCEAN INDIEN,53 ROUTE DE DOMENJOD,97490,SAINTE CLOTILDE,+33 2 62 93 13 93,,nathalie@anthurium.com,www.anthurium.com,https://edv.travel/annuaire-des-adherents/fiche-adherent/?id=34858
A,IM 067 10 0033,ANTONI VOYAGES,PRÊT A PARTIR,"8, GRAND'RUE - BP 20028",67501,HAGUENAU,+33 3 88 05 47 47,,siege@antoni-voyages.com,www.pretapartir.fr,https://edv.travel/annuaire-des-adherents/fiche-adherent/?id=32879
A,IM 063 17 0008,AO 45 / CEDIV,ATELIER DES VOYAGES - CEDIV,"16, AVENUE DES ETATS-UNIS",63100,CLERMONT FERRAND,+33 4 43 97 06 42,,atelierdesvoyages@outlook.fr,,https://edv.travel/annuaire-des-adherents/fiche-adherent/?id=32782
A,IM 069 12 0017,APODIS VOYAGES / SELECTOUR,Apodis Voyages,"31, AVENUE JEAN JAURÈS",69007,LYON,+33 4 78 72 92 75,,apodis@selectour.com,,https://edv.travel/annuaire-des-adherents/fiche-adherent/?id=32973
A,IM 031 11 0004,AQUAPHYLE / CEDIV,FUN AND FLY - SPORT AWAY - CEDIV,"2, RUE LOUISE WEISS",31200,TOULOUSE,+33 5 67 31 16 11,,compta@aquaphyle.com,www.fun-and-fly.com,https://edv.travel/annuaire-des-adherents/fiche-adherent/?id=31969
A,IM 02A 11 0003,AQUILA VACANCES / TOURCOM,TOURCOM,IMMEUBLE CARAVELLE 1 - PORT DE PLAISANCE,20137,PORTO VECCHIO,+33 4 95 70 74 52,,carolinerevolaquila@orange.fr,www.aquila-vacances-corse.fr,https://edv.travel/annuaire-des-adherents/fiche-adherent/?id=31913
A,IM 034 10 0020,ARAM FRANCE / CEDIV,Rencontre autour du Monde - CEDIV -,"213, RUE DU CALVAIRE, Route de vendargues",34980,SAINT GELY DU FESC,,,ericka@aram-france.com,www.aram-france.com,https://edv.travel/annuaire-des-adherents/fiche-adherent/?id=32042
A,IM 039 10 0007,ARBOIS TOURISME,,ROUTE DE DOLE - BP 53,39602,ARBOIS CEDEX,+33 3 84 66 09 35,,arbois@arboistourisme.com,www.arboistourisme.com,https://edv.travel/annuaire-des-adherents/fiche-adherent/?id=32170
A,IM 044 12 0001,ARC ATLANTIQUE VOYAGES,AAV - ARC ATLANTIQUE - NANTES VOYAGES - CAP EVASION VOYAGES -,"17 A, BLD DU VAL DE CHÉZINE",44800,SAINT HERBLAIN,+33 2 40 20 16 02,,olivier.chantreau44@hotmail.com,,https://edv.travel/annuaire-des-adherents/fiche-adherent/?id=32255
A,IM 037 10 0012,ARCHAMBAULT TRAVEL / SELECTOUR,,"8, ROND-POINT DES BRÉGÉOLLES",37500,LA ROCHE CLERMAULT,+33 2 47 95 33 40,,archambault.travel@orange.fr,www.archambault-travel.com,https://edv.travel/annuaire-des-adherents/fiche-adherent/?id=32112
A,IM 073 19 0008,ARCS MULTI-SERVICES AGENCEMENT - AMSA,ALPISSIME - ARCS MULTI-SERVICES AGENCEMENT,GALERIE PIERRA MENTA - VILLAGE DU CHARVET,73700,BOURG SAINT MAURICE,,,amsa.gestion@orange.fr,,https://edv.travel/annuaire-des-adherents/fiche-adherent/?id=33274
A,IM 007 12 0005,ARDECHE EVASION / SELECTOUR,,"ESPACE CHARMENTON - 238, RUE DES PINS",07430,DAVEZIEUX,+33 4 75 33 08 19,,ardeche-evasion@orange.fr,,https://edv.travel/annuaire-des-adherents/fiche-adherent/?id=31579
A,IM 092 11 0006,AREP,,"88 TER, AVENUE DU GÉNÉRAL LECLERC",92100,BOULOGNE BILLANCOURT,+33 1 46 94 82 82,,a.jouini@agence-arep.com,,https://edv.travel/annuaire-des-adherents/fiche-adherent/?id=34499
A,IM 02A 12 0012,ARIA VOYAGES / MANOR,,ROUTE DE STILETTO,20090,AJACCIO,+33 4 95 10 10 11,,ajaccio@ariavoyages.fr,,https://edv.travel/annuaire-des-adherents/fiche-adherent/?id=31922
A,IM 045 10 0001,ARLINA VOYAGES / TOURCOM,TOURCOM,"116, RUE DU FBG BANNIER",45012,ORLEANS CEDEX 1,+33 2 38 62 13 49,,arlina-voyages@wanadoo.fr,,https://edv.travel/annuaire-des-adherents/fiche-adherent/?id=32291
A,IM 086 10 0014,ARMONIE VOYAGES,,"204, AVENUE DU 8 MAI 1945",86000,POITIERS,+33 5 49 37 10 83,,florence.guilbot@armonie-voyages.com,www.armonie-voyages.fr,https://edv.travel/annuaire-des-adherents/fiche-adherent/?id=34248
A,IM 029 11 0030,ARMOR VOYAGES - SUN 7 VOYAGES / SELECTOUR,,"78, RUE DE SIAM, CS 42009",29200,BREST,+33 2 98 43 05 07,,info@sun7voyages.com,,https://edv.travel/annuaire-des-adherents/fiche-adherent/?id=31901
A,IM 084 11 0008,ARNAUD TOURISME / SELECTOUR,,"13, ESPLANADE ROBERT VASSE",84800,L'ISLE SUR LA SORGUE,+33 4 90 38 15 58,,arnaud-tourisme@selectour.com,www.voyages-arnaud.fr,https://edv.travel/annuaire-des-adherents/fiche-adherent/?id=34182
A,IM 031 10 0006,ARTABAL,,"505 CHEMIN DE BORDEGROSSE - CS 16, Espace 3 - BP 73121",31220,MONDAVEZAN CEDEX,+33 5 61 97 84 70,,voyages@artabal.fr,www.artabal.fr,https://edv.travel/annuaire-des-adherents/fiche-adherent/?id=31952
A,IM 093 19 0004,ARTEA,KOMBO,"5, RUE PLEYEL",93200,SAINT DENIS,+33 6 33 10 16 55,,matthieu.marquenet@kombo.co,www.sobus.fr,https://edv.travel/annuaire-des-adherents/fiche-adherent/?id=34700
A,IM 075 10 0217,ARTS VOYAGES,,"253, RUE DE VAUGIRARD",75015,PARIS,+33 1 40 43 20 30,,Pchauvet@artsetvie.com,www.arts-voyages.com,https://edv.travel/annuaire-des-adherents/fiche-adherent/?id=33384
A,IM 042 10 0011,ASC VOYAGES / SELECTOUR,ASC VOYAGES,"2, PLACE DU FORUM",42110,FEURS,+33 4 77 27 16 16,,ascfeurs@orange.fr,,https://edv.travel/annuaire-des-adherents/fiche-adherent/?id=32193
A,IM 013 11 0055,ASFARFALHI VOYAGES ET TOURISME / SELECTOUR,PRESSENSE VOYAGES,"12, SQUARE BELSUNCE",13001,MARSEILLE,,,pressense-voyages@wanadoo.fr,,https://edv.travel/annuaire-des-adherents/fiche-adherent/?id=31722
A,IM 083 10 0005,ASMAR VOYAGES / CEDIV,CEDIV,"23, RUE VINCENT COURDOUAN",83000,TOULON,+33 4 94 05 84 40,,agence@asmarvoyages.fr,www.asmarvoyages.fr,https://edv.travel/annuaire-des-adherents/fiche-adherent/?id=34146
A,IM 075 10 0339,ASPECT - KAPLAN INTERNATIONAL,KAPLAN INTERNATIONAL,"14, BLD MONTMARTRE",75009,PARIS,+33 1 48 00 06 00,,rudy.jarmuszczak@kaplan.com,,https://edv.travel/annuaire-des-adherents/fiche-adherent/?id=33457
A,IM 092 11 0071,ASSET VOYAGES / SELECTOUR,ASSET VOYAGES,"58, RUE JEAN-PIERRE TIMBAUD",92130,ISSY LES MOULINEAUX,+33 1 55 57 29 00,,selhamdania@assetvoyages.com,www.assetvoyages.com,https://edv.travel/annuaire-des-adherents/fiche-adherent/?id=34513
A,IM 075 00 0008,ASSOCIATION AGENCES DE VOYAGES MANDATAIRES TF,,"23, PLACE CHARLES DE GAULLE",83200,VICHY,+33 6 11 87 56 30,,mandatairestui@gmail.com,,https://edv.travel/annuaire-des-adherents/fiche-adherent/?id=33306
A,IM 069 14 0013,ASSOCIATION AVENTURES VACANCES ENERGIE,,"12, AVENUE D'ARQUIER - ROUTE DE BANDOL",83270,SAINT CYR SUR MER,,,info@aventures-vacances-energie.com,www.aventures-vacances-energie.com,https://edv.travel/annuaire-des-adherents/fiche-adherent/?id=32976
A,IM 091 10 0013,ASSOCIATION CESL,CREATION EPANOUISSEMENT SPORT LOISIRS,"3, RUE ROLLIN",75005,PARIS,+33 1 43 54 22 11,,albin@cesl.fr,www.cesl.fr,https://edv.travel/annuaire-des-adherents/fiche-adherent/?id=34431
A,IM 047 11 0009,ASSOCIATION DIOCESAINE D'AGEN,DDP 47 - SERVICE DES PELERINAGES DU DIOCESE D'AGEN,"ÉVÊCHÉ D'AGEN - 5, RUE ROGER JOHAN",47000,AGEN,+33 5 53 96 93 51,,pelerinages@diocese47.fr,,https://edv.travel/annuaire-des-adherents/fiche-adherent/?id=32337
A,IM 040 11 0011,ASSOCIATION DIOCESAINE D'AIRE ET DE DAX,DDP AIRE ET DAX,"100-102, AVENUE FRANCIS PLANTÉ",40100,DAX,+33 5 58 58 31 13,,pelerinages@diocese40.fr,,https://edv.travel/annuaire-des-adherents/fiche-adherent/?id=32184
A,IM 013 10 0133,ASSOCIATION DIOCESAINE D'AIX EN PROVENCE,,7 COURS DE LA TRINITÉ,13100,AIX EN PROVENCE,,,,,https://edv.travel/annuaire-des-adherents/fiche-adherent/?id=31713
A,IM 081 11 0004,ASSOCIATION DIOCESAINE D'ALBI,ADA PELERINAGES DIOCESAINS,"26, BLD DES DOCTEURS ARIBAT",81100,CASTRES,+33 7 81 49 74 93,,pelealbi@gmail.com,,https://edv.travel/annuaire-des-adherents/fiche-adherent/?id=34134
A,IM 080 11 0006,ASSOCIATION DIOCESAINE D'AMIENS,PELERINAGES PICARDS,MAISON DIOCÉSAINE,80030,AMIENS CEDEX 1,+33 3 22 91 41 05,,pele.picards@diocese-amiens.com,,https://edv.travel/annuaire-des-adherents/fiche-adherent/?id=34125
A,IM 049 11 0010,ASSOCIATION DIOCESAINE D'ANGERS,,"CENTRE ST-JEAN - 36, RUE BARRA",49045,ANGERS CEDEX 01,+33 2 41 22 48 59,,pelerinages@diocese49.org,,https://edv.travel/annuaire-des-adherents/fiche-adherent/?id=32385
A,IM 016 11 0013,ASSOCIATION DIOCESAINE D'ANGOULEME,,"226, RUE DE BORDEAUX",16000,ANGOULEME,,,,,https://edv.travel/annuaire-des-adherents/fiche-adherent/?id=31782
A,IM 062 19 0003,ASSOCIATION DIOCESAINE D'ARRAS,,"4, RUE DES FOURS",62000,ARRAS,+33 3 21 21 40 90,,pelerinages@arras.catholique.fr,,https://edv.travel/annuaire-des-adherents/fiche-adherent/?id=32778
A,IM 032 10 0012,ASSOCIATION DIOCESAINE D'AUCH,,"13, RUE DU DOCTEUR SAMALENS - BP 80082",32002,AUCH CEDEX,+33 6 20 66 75 25,,pelerinagesdiocesainauch@orange.fr,,https://edv.travel/annuaire-des-adherents/fiche-adherent/?id=31990
A,IM 071 11 0009,ASSOCIATION DIOCESAINE D'AUTUN,,"1, PLACE DU CARDINAL PERRAUD",71400,AUTUN,+33 6 88 19 14 05,,dirpelerinages@adautun.fr,,https://edv.travel/annuaire-des-adherents/fiche-adherent/?id=33127
A,IM 088 11 0021,ASSOCIATION DIOCESAINE D'ÉPINAL,,SERVICE DES PÉLERINAGES,88000,ÉPINAL,,,,,https://edv.travel/annuaire-des-adherents/fiche-adherent/?id=34272
A,IM 027 10 0007,ASSOCIATION DIOCESAINE D'ÉVREUX,,SERVICE DES PÉLERINAGES,27001,ÉVREUX CEDEX,,,pelerinages@evreux.catholique.fr,,https://edv.travel/annuaire-des-adherents/fiche-adherent/?id=31881
A,IM 091 11 0002,ASSOCIATION DIOCESAINE D'ÉVRY CORBEIL ESSONNES,,MAISON DIOCÉSAINE,91000,ÉVRY,+33 1 60 91 17 04,,pele91@eveche-evry.com,,https://edv.travel/annuaire-des-adherents/fiche-adherent/?id=34439
A,IM 045 11 0005,ASSOCIATION DIOCESAINE D'ORLÉANS,,14 CLOÎTRE SAINT-AIGNAN,45000,ORLEANS,,,,,https://edv.travel/annuaire-des-adherents/fiche-adherent/?id=32301
A,IM 014 12 0002,ASSOCIATION DIOCESAINE DE BAYEUX,,"1, RUE NICOLAS ORESME - BP 6298",14067,CAEN CEDEX,+33 2 31 29 35 08,,pelerinages@bayeuxlisieux.catholique.fr,,https://edv.travel/annuaire-des-adherents/fiche-adherent/?id=31771
A,IM 064 11 0018,ASSOCIATION DIOCESAINE DE BAYONNE,,"16, PLACE MONSEIGNEUR VANSTEENBERGHE",64100,BAYONNE,+33 5 35 39 55 66,,pelerinages.diocesains@diocese64.org,,https://edv.travel/annuaire-des-adherents/fiche-adherent/?id=32831
A,IM 060 12 0001,ASSOCIATION DIOCESAINE DE BEAUVAIS,,"101, RUE DE LA MADELEINE - CS 20636",60026,BEAUVAIS CEDEX,+33 3 44 45 15 99,,pelerinages@oise-catholique.fr,,https://edv.travel/annuaire-des-adherents/fiche-adherent/?id=32743
A,IM 001 11 0001,ASSOCIATION DIOCESAINE DE BELLEY-ARS,AD BELLEY-ARS,"31, RUE DU DOCTEUR NODET",01000,BOURG EN BRESSE,+33 4 74 32 86 50,,pelerinage@belley-ars.fr,,https://edv.travel/annuaire-des-adherents/fiche-adherent/?id=31470
A,IM 025 10 0008,ASSOCIATION DIOCESAINE DE BESANCON,,"3, RUE DE LA CONVENTION",25041,BESANCON CEDEX,+33 3 81 25 28 22,,pelerinages@centrediocesain-besancon.fr,,https://edv.travel/annuaire-des-adherents/fiche-adherent/?id=31862
A,IM 041 11 0003,ASSOCIATION DIOCESAINE DE BLOIS,,SERVICE DIOCESAIN DES PÈLERINAGES,41000,BLOIS,+33 2 54 57 26 48,,pelerinage@catholique-blois.net,,https://edv.travel/annuaire-des-adherents/fiche-adherent/?id=32189
A,IM 033 11 0062,ASSOCIATION DIOCESAINE DE BORDEAUX,,"183 COURS DE LA SOMME, ""Centre les Colonnes"" - BP 45",33077,BORDEAUX,,,,,https://edv.travel/annuaire-des-adherents/fiche-adherent/?id=32012
A,IM 018 11 0001,ASSOCIATION DIOCESAINE DE BOURGES,,"4, AVENUE DU 95ÈME DE LIGNE",18000,BOURGES,+33 2 48 27 58 86,,pelerinage@diocese-bourges.org,,https://edv.travel/annuaire-des-adherents/fiche-adherent/?id=31816
A,IM 046 13 0001,ASSOCIATION DIOCESAINE DE CAHORS,,"ÉVÊCHÉ - 134, RUE FRÉDÉRIC SUISSE, 35, rue Léopold Faye",46000,CAHORS,+33 6 81 20 24 01,,decupandre@gmail.com,,https://edv.travel/annuaire-des-adherents/fiche-adherent/?id=32331
A,IM 059 11 0015,ASSOCIATION DIOCESAINE DE CAMBRAI,,"11, RUE DU GRAND SÉMINAIRE - CS 80149",59403,CAMBRAI CEDEX,+33 3 27 38 12 62,,pelerinages.cambrai@nordnet.fr,,https://edv.travel/annuaire-des-adherents/fiche-adherent/?id=32634
A,IM 051 11 0006,ASSOCIATION DIOCESAINE DE CHÂLONS EN CHAMPAGNE,,"20, RUE DE L'ABBÉ PIERRE GILLET",51000,CHÂLONS EN CHAMPAGNE,+33 3 26 21 36 66,,pelerinages@chalons.catholique.fr,,https://edv.travel/annuaire-des-adherents/fiche-adherent/?id=32419
A,IM 073 10 0056,ASSOCIATION DIOCESAINE DE CHAMBERY MAURIENNE TARENTAISE,,"2, PLACE CARDINAL GARRONE -CS 10107",73001,CHAMBERY CEDEX,+33 4 79 33 50 36,,pelerinage@catholique73.fr,,https://edv.travel/annuaire-des-adherents/fiche-adherent/?id=33266
A,IM 028 11 0004,ASSOCIATION DIOCESAINE DE CHARTRES,,"22, AVENUE D'ALIGRE - CS 40184",28008,CHARTRES CEDEX,+33 2 37 80 00 01,,pelerinages@diocesechartres.fr,,https://edv.travel/annuaire-des-adherents/fiche-adherent/?id=31888
A,IM 063 11 0011,ASSOCIATION DIOCESAINE DE CLERMONT FERRAND,,"ARCHEVÊCHÉ - 9, RUE D'AMBERT",63000,CLERMONT FERRAND,+33 4 73 98 27 56,,diane.berger@centrediocesain63.com,,https://edv.travel/annuaire-des-adherents/fiche-adherent/?id=32781
A,IM 050 11 0002,ASSOCIATION DIOCESAINE DE COUTANCES,,"2, RUE DU CARDINAL GUYOT",50200,COUTANCES,+33 2 33 76 70 85,,pelerinages@diocese50.fr,,https://edv.travel/annuaire-des-adherents/fiche-adherent/?id=32412
A,IM 094 11 0003,ASSOCIATION DIOCESAINE DE CRETEIL,ADC,"2, AVENUE PASTEUR VALLERY-RADOT",94000,CRETEIL,,,,,https://edv.travel/annuaire-des-adherents/fiche-adherent/?id=34712
A,IM 004 10 0009,ASSOCIATION DIOCESAINE DE DIGNE LES BAINS,,"27, AVENUE DE LA ROCHE",04310,PEYRUIS,+33 6 60 41 68 46,,,,https://edv.travel/annuaire-des-adherents/fiche-adherent/?id=31481
A,IM 021 10 0010,ASSOCIATION DIOCESAINE DE DIJON,,"20, RUE DU PETIT POTET",21000,DIJON,+33 3 80 63 14 65,,pelerinages.dijon@wanadoo.fr,,https://edv.travel/annuaire-des-adherents/fiche-adherent/?id=31823
A,IM 083 11 0020,ASSOCIATION DIOCESAINE DE FREJUS TOULON,,CHÂTEAU LA CASTILLE - SCE DES PÉLERINAGES,83210,SOLLIES-VILLE,+33 6 52 51 13 09,,pelerinages@diocese-frejus-toulon.com,,https://edv.travel/annuaire-des-adherents/fiche-adherent/?id=34156
A,IM 005 11 0022,ASSOCIATION DIOCESAINE DE GAP,,PRESBYTÈRE - PLACE DE L'ÉGLISE,05290,VALLOUISE - PELVOUX,+33 6 98 14 54 94,,pelerinages@diocesedegap.com,,https://edv.travel/annuaire-des-adherents/fiche-adherent/?id=31497
A,IM 038 11 0025,ASSOCIATION DIOCESAINE DE GRENOBLE,ADG,"12, PLACE DE LAVALETTE, Pépinière d'Entreprise Eurekalp",38028,GRENOBLE,+33 4 38 38 00 36,,pelerinages@diocese-grenoble-vienne.fr,,https://edv.travel/annuaire-des-adherents/fiche-adherent/?id=32148
A,IM 017 11 0024,ASSOCIATION DIOCESAINE DE LA ROCHELLE SAINTES,,"6, ALLÉE DU SÉMINAIRE",17100,SAINTES,+33 6 08 54 19 39,,,,https://edv.travel/annuaire-des-adherents/fiche-adherent/?id=31809
A,IM 052 10 0002,ASSOCIATION DIOCESAINE DE LANGRES,,"11, RUE DES PLATANES - BP 71036, ZA de la Fougetterie-Château-Gontier",52000,CHAUMONT,+33 3 25 01 18 15,,pele@catho52.fr,,https://edv.travel/annuaire-des-adherents/fiche-adherent/?id=32424
A,IM 053 12 0002,ASSOCIATION DIOCESAINE DE LAVAL,,"27, RUE DU CARDINAL SUHARD",53012,LAVAL,,,,,https://edv.travel/annuaire-des-adherents/fiche-adherent/?id=32433
A,IM 059 10 0042,ASSOCIATION DIOCESAINE DE LILLE,,"68, RUE ROYALE",59800,LILLE,+33 3 20 55 00 15,,,,https://edv.travel/annuaire-des-adherents/fiche-adherent/?id=32613
A,IM 087 10 0010,ASSOCIATION DIOCESAINE DE LIMOGES,DDP LIMOGES,"15, RUE EUGÈNE VARLIN",87000,LIMOGES,+33 6 29 89 24 80,,pelerinages@diocese-limoges.fr,,https://edv.travel/annuaire-des-adherents/fiche-adherent/?id=34263
A,IM 085 11 0002,ASSOCIATION DIOCESAINE DE LUCON,,"62, RUE JOFFRE - CS 70249",85006,LA ROCHE SUR YON CEDEX,+33 2 51 44 15 56,,pelerinages@diocese85.org,,https://edv.travel/annuaire-des-adherents/fiche-adherent/?id=34218
A,IM 069 11 0021,ASSOCIATION DIOCESAINE DE LYON,,"6, AVENUE ADOLPHE MAX, 5, rue de Charonne",69321,LYON CEDEX 05,+33 4 78 81 48 20,,,,https://edv.travel/annuaire-des-adherents/fiche-adherent/?id=32962
A,IM 013 11 0039,ASSOCIATION DIOCESAINE DE MARSEILLE,,"14, PLACE DU COLONEL EDON",13007,MARSEILLE,,,,,https://edv.travel/annuaire-des-adherents/fiche-adherent/?id=31719
A,IM 077 11 0007,ASSOCIATION DIOCESAINE DE MEAUX,,"7, RUE NOTRE DAME",77334,MEAUX CEDEX,+33 1 64 36 51 64,,pelerinages@catho77.fr,,https://edv.travel/annuaire-des-adherents/fiche-adherent/?id=34046
A,IM 048 11 0005,ASSOCIATION DIOCESAINE DE MENDE,,"7, RUE MONSIEGNEUR DE LIGONNÈS",48000,MENDE,+33 4 66 65 61 90,,pelerinages@diocese-mende.fr,,https://edv.travel/annuaire-des-adherents/fiche-adherent/?id=32343
A,IM 082 11 0006,ASSOCIATION DIOCESAINE DE MONTAUBAN,,"6, FAUBOURG DU MOUSTIER - CS 50860",82008,MONTAUBAN CEDEX,+33 6 45 75 14 59,,,,https://edv.travel/annuaire-des-adherents/fiche-adherent/?id=34140
A,IM 034 11 0018,ASSOCIATION DIOCESAINE DE MONTPELLIER,,"MAISON DIOCÉSAINE ""VILLA MAGUELONE""",34060,MONTPELLIER CEDEX 2,+33 6 77 03 46 91,,pelerinages@diocese34.fr,,https://edv.travel/annuaire-des-adherents/fiche-adherent/?id=32046
A,IM 054 11 0013,ASSOCIATION DIOCESAINE DE NANCY,,"6, RUE GIRARDET, 130, rue de Soultz- Espace Witty",54000,NANCY,,,,,https://edv.travel/annuaire-des-adherents/fiche-adherent/?id=32505
A,IM 092 19 0007,ASSOCIATION DIOCESAINE DE NANTERRE,,"85, RUE DE SURESNES",92000,NANTERRE,+33 1 40 91 98 40,,pelerinages@diocese92.fr,,https://edv.travel/annuaire-des-adherents/fiche-adherent/?id=34541
A,IM 044 11 0004,ASSOCIATION DIOCESAINE DE NANTES,,"7, RUE CARDINAL RICHARD - BP 52204, Rond Point Amalgo",44322,NANTES CEDEX,+33 2 49 62 22 50,,pelerinages@nantes.cef.fr,,https://edv.travel/annuaire-des-adherents/fiche-adherent/?id=32251
A,IM 058 11 0005,ASSOCIATION DIOCESAINE DE NEVERS,,"21, RUE GUSTAVE MATHIEU",58000,NEVERS,+33 3 86 71 86 54,,service.pelerinages@nievre.catholique.fr,,https://edv.travel/annuaire-des-adherents/fiche-adherent/?id=32583
A,IM 006 11 0074,ASSOCIATION DIOCESAINE DE NICE,,"23, AVENUE SÉVIGNÉ",06100,NICE,+33 4 93 89 20 51,,pelerinages06@gmail.com,,https://edv.travel/annuaire-des-adherents/fiche-adherent/?id=31528
A,IM 030 11 0001,ASSOCIATION DIOCESAINE DE NÎMES,,"ÉVÊCHÉ - 3, RUE GUIRAN - BP 81455, Espace Commercial Fréjorgues Ouest",30017,NÎMES CEDEX 1,,,,,https://edv.travel/annuaire-des-adherents/fiche-adherent/?id=31936
A,IM 075 18 0067,ASSOCIATION DIOCESAINE DE PARIS,ADP,"10, RUE DU CLOÎTRE NOTRE DAME",75004,PARIS,,,,,https://edv.travel/annuaire-des-adherents/fiche-adherent/?id=33965
A,IM 024 11 0017,ASSOCIATION DIOCESAINE DE PERIGUEUX,,"38, AVENUE GEORGES POMPIDOU",24000,PERIGUEUX,+33 6 76 38 36 79,,peleocb24@laposte.net,,https://edv.travel/annuaire-des-adherents/fiche-adherent/?id=31859
A,IM 066 12 0003,ASSOCIATION DIOCESAINE DE PERPIGNAN,,"ÉVÊCHÉ - PARC DUCUP - ALLÉE DES CHÊNES, Route de Strasbourg",66000,PERPIGNAN,,,,,https://edv.travel/annuaire-des-adherents/fiche-adherent/?id=32855
A,IM 086 11 0002,ASSOCIATION DIOCESAINE DE POITIERS,,"1-3, PLCAE SAINTE-CROIX",86000,POITIERS,+33 5 49 60 63 08,,pelerinages@poitiers-catholique.fr,,https://edv.travel/annuaire-des-adherents/fiche-adherent/?id=34254
A,IM 095 12 0021,ASSOCIATION DIOCESAINE DE PONTOISE,,16 CHEMIN DE LA PELOUSE,95300,PONTOISE,+33 1 34 24 74 29,,pelerinages95@catholique95.fr,,https://edv.travel/annuaire-des-adherents/fiche-adherent/?id=34751
A,IM 029 11 0034,ASSOCIATION DIOCESAINE DE QUIMPER,,"3, RUE BERTRAND DE ROSMADEC",29018,QUIMPER CEDEX,+33 2 98 64 58 61,,peles29@diocese-quimper.fr,,https://edv.travel/annuaire-des-adherents/fiche-adherent/?id=31903
A,IM 051 17 0004,ASSOCIATION DIOCESAINE DE REIMS,,"3, RUE CARDINAL DE LORRAINE",51100,REIMS,,,,,https://edv.travel/annuaire-des-adherents/fiche-adherent/?id=32423
A,IM 035 11 0008,ASSOCIATION DIOCESAINE DE RENNES,,"45, RUE DE BREST",35000,RENNES,+33 2 99 14 44 57,,pelerinages@diocese35.fr,,https://edv.travel/annuaire-des-adherents/fiche-adherent/?id=32078
A,IM 012 10 0021,ASSOCIATION DIOCESAINE DE RODEZ,,"ÉVÊCHÉ - 13, AVENUE VICTOR HUGO",12000,RODEZ,+33 5 65 68 86 21,,pelerinages@rodez.catholique.fr,,https://edv.travel/annuaire-des-adherents/fiche-adherent/?id=31664
A,IM 076 11 0002,ASSOCIATION DIOCESAINE DE ROUEN,,"2, RUE DES BONNETIERS",76000,ROUEN,,,,,https://edv.travel/annuaire-des-adherents/fiche-adherent/?id=34018
A,IM 022 11 0001,ASSOCIATION DIOCESAINE DE SAINT BRIEUC,,"81, RUE MATHURIN MEHEUT - CS 44224",22042,SAINT BRIEUC CEDEX 22,,,adpelerinage@diocese22.fr,,https://edv.travel/annuaire-des-adherents/fiche-adherent/?id=31843
A,IM 039 11 0008,ASSOCIATION DIOCESAINE DE SAINT CLAUDE,,"21, RUE SAINT ROCH - BP 70085",39801,POLIGNY,,,,,https://edv.travel/annuaire-des-adherents/fiche-adherent/?id=32179
A,IM 042 11 0011,ASSOCIATION DIOCESAINE DE SAINT ETIENNE,,SERVICE DE PÈLERINAGES,42030,SAINT ETIENNE CEDEX 2,+33 4 77 59 37 65,,pelerinages@diocese-saintetienne.fr,,https://edv.travel/annuaire-des-adherents/fiche-adherent/?id=32196
A,IM 015 11 0003,ASSOCIATION DIOCESAINE DE SAINT FLOUR,,"1, RUE DE LA FRAUZE - BP 20",15100,SAINT FLOUR,+33 4 71 48 13 00,,pelerinages15@diocese15.fr,,https://edv.travel/annuaire-des-adherents/fiche-adherent/?id=31777
A,IM 061 10 0004,ASSOCIATION DIOCESAINE DE SÉES,,"13, RUE DES CORDELIERS",61500,SÉES,+33 2 33 81 15 06,,pelerinage@diocesedeseez.org,,https://edv.travel/annuaire-des-adherents/fiche-adherent/?id=32747
A,IM 089 11 0003,ASSOCIATION DIOCESAINE DE SENS,,"7, RUE FRANÇAISE",89000,AUXERRE,,,,,https://edv.travel/annuaire-des-adherents/fiche-adherent/?id=34277
A,IM 002 11 0004,ASSOCIATION DIOCESAINE DE SOISSONS,,"SCE DES PÈLERINAGES-CS 60166, 9, rue des Déportés et Fusillés",02207,SOISSONS,,,,,https://edv.travel/annuaire-des-adherents/fiche-adherent/?id=31475
A,IM 031 12 0001,ASSOCIATION DIOCESAINE DE TOULOUSE,,ARCHEVÊCHÉ DE TOULOUSE,31000,TOULOUSE,+33 6 03 22 28 94,,pele31@diocese-toulouse.org,,https://edv.travel/annuaire-des-adherents/fiche-adherent/?id=31972
A,IM 010 11 0002,ASSOCIATION DIOCESAINE DE TROYES,,"NOTRE-DAME-EN-L'ISLE, ZA SALVAZA",10000,TROYES,+33 6 49 02 29 69,,pele.troyes@gmail.com,,https://edv.travel/annuaire-des-adherents/fiche-adherent/?id=31597
A,IM 019 12 0003,ASSOCIATION DIOCESAINE DE TULLE,,"21, AVENUE DE LA BASTILLE",19000,TULLE,,,,,https://edv.travel/annuaire-des-adherents/fiche-adherent/?id=31821
A,IM 056 10 0032,ASSOCIATION DIOCESAINE DE VANNES,,"14, RUE DE L'ÉVÊCHÉ- CS 82003",56001,VANNES CEDEX,+33 2 97 68 30 50,,pelerinages@diocese-vannes.fr,,https://edv.travel/annuaire-des-adherents/fiche-adherent/?id=32528
A,IM 055 11 0002,ASSOCIATION DIOCESAINE DE VERDUN,,"29, RUE DE LA PAIX - CS 50090",55103,VERDUN CEDEX,+33 6 70 29 62 31,,peleverdun55@orange.fr,,https://edv.travel/annuaire-des-adherents/fiche-adherent/?id=32519
A,IM 078 19 0010,ASSOCIATION DIOCESAINE DE VERSAILLES,,"ADV - 16, RUE MONSEIGNEUR GIBIER",78000,VERSAILLES,+33 1 30 97 67 61,,pelerinages@catholique78.fr,,https://edv.travel/annuaire-des-adherents/fiche-adherent/?id=34109
A,IM 007 11 0009,ASSOCIATION DIOCESAINE DE VIVIERS,,"2, FBG ST-JACQUES - BP 26",07220,VIVIERS,+33 6 41 00 35 21,,pelerinages@ardeche.catholique.fr,,https://edv.travel/annuaire-des-adherents/fiche-adherent/?id=31569
A,IM 02A 11 0004,ASSOCIATION DIOCESAINE DES PELERINAGES D'AJACCIO,ÉVÊCHÉ D'AJACCIO,"8, BLD SYLVESTRE MARCAGGI, CS 10304",20000,AJACCIO,+33 4 95 51 05 51,,pelerinage.ajaccio@gmail.com,,https://edv.travel/annuaire-des-adherents/fiche-adherent/?id=31914
A,IM 009 11 0005,ASSOCIATION DIOCESAINE DES PELERINAGES PAMIERS,ADP,MAISON DES OEUVRES-,09100,PAMIERS,+33 6 13 23 76 91,,pelerinages@ariege-catholique.fr,,https://edv.travel/annuaire-des-adherents/fiche-adherent/?id=31592
A,IM 076 11 0005,ASSOCIATION DIOCESAINE DU HAVRE,,"22, RUE SÉRY",76600,LE HAVRE,,,,,https://edv.travel/annuaire-des-adherents/fiche-adherent/?id=34019
A,IM 072 11 0002,ASSOCIATION DIOCESAINE DU MANS,,"1, PLACE DU CARDINAL GRENTE",72000,LE MANS,,,,,https://edv.travel/annuaire-des-adherents/fiche-adherent/?id=33258
A,IM 093 17 0005,ASSOCIATION DIOCESAINE SAINT DENIS EN FRANCE,,"6, AVENUE PASTEUR",93140,BONDY,,,,,https://edv.travel/annuaire-des-adherents/fiche-adherent/?id=34696
A,IM 073 10 0018,ASSOCIATION EURO VOYAGES / UNOSEL,EUROVOYAGES,"3, PLACE LARDENOIS",73110,LA ROCHETTE,+33 4 79 25 58 87,,direction@eurovoyages.fr,www.eurovoyages.fr,https://edv.travel/annuaire-des-adherents/fiche-adherent/?id=33261
A,IM 095 21 0004,ASSOCIATION LES COLOS DU BONHEUR,,"23, AVENUE DES MARRONNIERS",95250,BEAUCHAMP,+33 1 39 95 47 88,,contact@colosdubonheur.fr,www.colosdubonheur.fr,https://edv.travel/annuaire-des-adherents/fiche-adherent/?id=34754
A,IM 075 11 0033,ASSOCIATION PRO LINGUA / UNOSEL,PRO LINGUA,"40, RUE DE TRÉVISE",75009,PARIS,+33 1 42 46 34 11,,contact@prolingua.fr,www.prolingua.fr,https://edv.travel/annuaire-des-adherents/fiche-adherent/?id=33675
A,IM 092 11 0001,ASSOCIATION REGARDS,,"165, AVENUE HENRI GINOUX",92120,MONTROUGE,+33 1 46 38 80 60,,info@asso-regards.org,www.asso-regards.org,https://edv.travel/annuaire-des-adherents/fiche-adherent/?id=34494
A,IM 022 10 0006,ASTO HOLIDAYS / CEDIV,CEDIV,"12, RUE DE LA MITTRIE",22100,DINAN,+33 2 96 87 72 87,,jac@astoh.com,www.astoh.com,https://edv.travel/annuaire-des-adherents/fiche-adherent/?id=31842
A,IM 051 11 0005,ATACAMA - KIDOM / TOURCOM,ATACAMA - TOURCOM,"82, RUE DE VESLE ET 2, RUE JEANNE D'ARC",51100,REIMS,+33 3 26 50 40 50,,atacama.voyage@orange.fr,,https://edv.travel/annuaire-des-adherents/fiche-adherent/?id=32418
A,IM 092 11 0017,ATBIR VOYAGES / SELECTOUR,,"34, RUE LUCIEN VOILIN",92800,PUTEAUX,+33 1 47 74 55 40,,b-amarir@atbirvoyages.com,www.atbirvoyages.com,https://edv.travel/annuaire-des-adherents/fiche-adherent/?id=34503
A,IM 02A 16 0002,ATELIER VOYAGES,,AVENUE 1ER CONSUL,20000,AJACCIO,,,agathe2a@ateliervoyages.com,,https://edv.travel/annuaire-des-adherents/fiche-adherent/?id=31926
A,IM 067 19 0005,ATG TRAVEL FRANCE,,"4, RUE DE LISBONNE",67300,STRASBOURG SCHILTIGHEIM,,,travel.fr@atgtravel.com,www.atgtravel.com,https://edv.travel/annuaire-des-adherents/fiche-adherent/?id=32901
A,IM 075 11 0207,ATLANTIC LLOYD / MANOR,,"39, RUE DE L'ARCADE",75008,PARIS,+33 1 42 65 71 35,,atlantic.lloyd@wanadoo.fr,,https://edv.travel/annuaire-des-adherents/fiche-adherent/?id=33708
A,IM 064 10 0003,ATLANTIDE / SELECTOUR,,"851, CHEMIN HARRIAGARAYA",64990,VILLEFRANQUE,+33 5 59 56 35 16,,voyagesatlantide@gmail.com,www.atlantidevoyages.com,https://edv.travel/annuaire-des-adherents/fiche-adherent/?id=32784
A,IM 975 12 0002,ATLAS VOYAGES,,"18 BIS, RUE ALBERT BRIAND - BP 4400",97500,SAINT PIERRE,+33 5 08 41 76 76,,tbriand@mac.com,,https://edv.travel/annuaire-des-adherents/fiche-adherent/?id=34861
A,IM 047 12 0004,ATLAS VOYAGES FRANCE / SELECTOUR,Atlas Voyages,"10, RUE DE LA FRATERNITÉ",47305,VILLENEUVE SUR LOT,+33 5 53 40 33 10,,annie@atlas-voyages.fr,www.atlas-voyages.fr,https://edv.travel/annuaire-des-adherents/fiche-adherent/?id=32338
A,IM 973 16 0002,ATLAS VOYAGES GUYANE / SELECTOUR,,"15 BIS , RUE LOUIS BLANC",97300,CAYENNE (GUYANE FRANCAISE),+33 5 94 29 30 00,,pierre.delattre@atlasvoyages-guyane.com,,https://edv.travel/annuaire-des-adherents/fiche-adherent/?id=34808
A,IM 092 20 0014,ATPI FRANCE / SELECTOUR,,9 AVENUE ALEXANDRE MAISTRASSE,92500,RUEIL-MALMAISON,,,Nick.Hatherall@atpi.com,,https://edv.travel/annuaire-des-adherents/fiche-adherent/?id=34543
A,IM 065 24 0006,ATYPEAK SAS,,"14, RUE DES ARDOISIERS",65120,VISCOS,,,celineringeval@orange.fr,,https://edv.travel/annuaire-des-adherents/fiche-adherent/?id=32853
A,IM 033 23 0013,AU DELA EVENEMENT - EVASION,,"5, RUE JEAN JACQUES ROUSSEAU",33000,BORDEAUX,+33 5 56 08 90 05,,contact@audela-evenement.fr,www.audela-evenement.fr,https://edv.travel/annuaire-des-adherents/fiche-adherent/?id=32031
A,IM 075 00 0003,AU PAYS DES LANGUES / UNOSEL,,"23, RUE PIERLOT",33460,MACAU,+33 5 33 89 18 00,,anne@aupaysdeslangues.fr,www.aupaysdeslangues.com,https://edv.travel/annuaire-des-adherents/fiche-adherent/?id=33302
A,IM 037 10 0001,AUBERT ERMISSE TOURS,,"8, RUE HONORÉ DE BALZAC",37000,TOURS,+33 2 47 37 54 47,,aubert@aubert-ermisse.com,www.aubert-ermisse.com,https://edv.travel/annuaire-des-adherents/fiche-adherent/?id=32106
A,IM 085 11 0018,AUDE MARYSE VOYAGES / HAVAS VOYAGES,HAVAS VOYAGES,"5, PLACE GÉNÉRAL COLLINEAU",85100,LES SABLES D'OLONNE,+33 2 51 95 08 86,,les-sables@havas-voyages.fr,,https://edv.travel/annuaire-des-adherents/fiche-adherent/?id=34238
A,IM 033 23 0008,AUREVENTS,,8 ALLÉE DE BONNAOUS,33110,LE BOUSCAT,+33 6 50 78 97 08,,contact@aurevents.com,www.aurevents.com,https://edv.travel/annuaire-des-adherents/fiche-adherent/?id=32029
A,IM 974 10 0002,AUSTRAL VOYAGES / MANOR,,"11 BIS, RUE DU MÂT DU PAVILLON",97400,SAINT DENIS LA REUNION,+33 2 62 90 90 70,,dallane@austral-voyages.fr,www.austral-voyages.fr,https://edv.travel/annuaire-des-adherents/fiche-adherent/?id=34811
A,IM 074 23 0006,AUTO PLAISIR ET DECOUVERTE,APD,96 CHEMIN DE MORCY,74200,THONON LES BAINS,+33 7 67 14 27 01,,contact@autoplaisiretdecouverte.fr,http://autoplaisiretdecouverte.fr,https://edv.travel/annuaire-des-adherents/fiche-adherent/?id=33299
A,IM 044 10 0022,AUTOUR DU MONDE / HAVAS VOYAGES,HAVAS VOYAGES,"56, AVENUE LOUIS LAJARRIGE, Immeuble Le Saint Louis",44500,LA BAULE,+33 2 51 73 79 00,,autourdumonde.labaule@wanadoo.fr,,https://edv.travel/annuaire-des-adherents/fiche-adherent/?id=32245
A,IM 029 10 0003,AUTRE CIEL VOYAGES / SELECTOUR,AELL VOYAGES,CENTRE COMMERCIAL LECLERC,29100,DOUARNENEZ,,,douarnenez@autreciel.fr,www.autreciel.fr,https://edv.travel/annuaire-des-adherents/fiche-adherent/?id=31889
A,IM 075 12 0040,AUTRE VOYAGE / SELECTOUR,PCA Voyages,"3, RUE DES LAVANDIÈRES SAINTE OPPORTUNE",75001,PARIS,+33 1 42 36 23 29,,arielle@autrevoyage.com,www.bresil2005.com,https://edv.travel/annuaire-des-adherents/fiche-adherent/?id=33746
A,IM 084 10 0020,AUTRES MONDES / SELECTOUR,,"21 BIS, RUE DES 3 FAUCONS",84000,AVIGNON,+33 4 90 82 77 58,,natale@autres-mondes.com,,https://edv.travel/annuaire-des-adherents/fiche-adherent/?id=34180
A,IM 071 17 0004,AUTUN VOYAGES / SELECTOUR,A M T,"13, RUE DE L'ARBALÈTE",71400,AUTUN,+33 3 85 86 14 41,,autun@selectour.com,www.bourgognevoyages.com,https://edv.travel/annuaire-des-adherents/fiche-adherent/?id=33133
A,IM 003 10 0004,AUVRAY VOYAGES / SELECTOUR,,"5, BLD DE COURTAIS",03100,MONTLUCON,+33 4 70 02 21 12,,auvray@selectour.com,,https://edv.travel/annuaire-des-adherents/fiche-adherent/?id=31479
A,IM 016 11 0005,AUX PORTES DU MONDE / SELECTOUR,,"51, ROUTE D'AIGRE",16700,RUFFEC,+33 5 45 30 35 24,,marion@auxportesdumonde.fr,www.auxportesdumonde.fr,https://edv.travel/annuaire-des-adherents/fiche-adherent/?id=31780
A,IM 038 10 0050,AUX QUATRE COINS DU MONDE,SOCIETE DES VOYAGES ET EXPEDITIONS SOVEX,"1, RUE AUBERT DUBAYET",38000,GRENOBLE,+33 4 76 43 16 47,,infos@auxquatrecoinsdumonde.fr,www.auxquatrecoinsdumonde.fr,https://edv.travel/annuaire-des-adherents/fiche-adherent/?id=32139
A,IM 089 10 0001,AVAT / SELECTOUR,,"58, RUE DE LA RÉPUBLIQUE",89100,SENS,+33 3 86 83 83 50,,gvignal-avat@selectour.com,,https://edv.travel/annuaire-des-adherents/fiche-adherent/?id=34275
A,IM 035 10 0022,AVEN TOUR,,"265, RUE DE CHÂTEAUGIRON",35200,RENNES,+33 2 99 30 22 94,,patrick.navarre@aven-tour.com,,https://edv.travel/annuaire-des-adherents/fiche-adherent/?id=32064
A,IM 075 12 0127,AVICO,,"33, AVENUE DE WAGRAM",75017,PARIS,+33 1 58 61 27 27,,paris@avico.com,www.avico.aero,https://edv.travel/annuaire-des-adherents/fiche-adherent/?id=33768
A,IM 085 11 0014,AVITA VOYAGES BARRETEAU / SELECTOUR,AVITA VOYAGES BARRETEAU,"72, RUE NATIONALE",85110,CHANTONNAY,+33 2 51 46 80 19,,carolinethueux@avita-voyagesbarreteau.com,www.avita-voyagesbarreteau.com,https://edv.travel/annuaire-des-adherents/fiche-adherent/?id=34233
A,IM 003 11 0001,AVITOUR SARL - TUI,TUI FRANCE - TUI STORE,"23, PLACE CHARLES DE GAULLE",03200,VICHY,+33 4 70 32 89 19,,aremalard@tuifrance.com,,https://edv.travel/annuaire-des-adherents/fiche-adherent/?id=31480
A,IM 045 10 0003,AXANS / SELECTOUR,AXANS VOYAGES - ALTITUDE VOYAGES -,"4, PLACE DU GÉNÉRAL DE GAULLE",45000,ORLEANS,+33 2 38 81 15 15,,egidia.altitude@orange.fr,www.altitude-selectour.com,https://edv.travel/annuaire-des-adherents/fiche-adherent/?id=32292
A,IM 078 12 0025,AXE ET CIBLE / SELECTOUR,,"47, RUE DE PARIS",78490,MONTFORT L'AMAURY,+33 1 34 86 99 00,,axeetcible-voyages@orange.fr,,https://edv.travel/annuaire-des-adherents/fiche-adherent/?id=34094
A,IM 074 17 0007,AYVAD VOYAGES / SELECTOUR,,"12, AVENUE GANTIN",74150,RUMILLY,+33 4 50 01 03 23,,resa@ayvad-voyages.com,www.albanais-voyages.com,https://edv.travel/annuaire-des-adherents/fiche-adherent/?id=33296
A,IM 031 22 0006,AZUR GOLF TRAVEL,,5 IMPASSE DE MAUBEC,31300,TOULOUSE,+33 7 50 68 82 39,,contact@azurgolftravel.com,,https://edv.travel/annuaire-des-adherents/fiche-adherent/?id=31987
