title,image,content
Dominique Ansel Marché Debuts at Paris Las Vegas Dec. 6,,Dominique Ansel Marché Debuts at Paris Las Vegas Dec. 6
Three Acclaimed Chefs Debut a Collection of Concepts at Caesars Palace,,Three Acclaimed Chefs Debut a Collection of Concepts at Caesars Palace
"Caesars Virginia Opens Dec. 12, 2024",,"Caesars Virginia Opens Dec. 12, 2024"
"Caesars Entertainment, Inc. Enters into Definitive Agreement to Sell the LINQ Promenade",,"Caesars Entertainment, Inc. Enters into Definitive Agreement to Sell the LINQ Promenade"
Caesars Entertainment Closes Sale of World Series of Poker® Brand to NSUS Group for US$500 million,,Caesars Entertainment Closes Sale of World Series of Poker® Brand to NSUS Group for US$500 million
"Caesars Entertainment, Inc. Reports Third Quarter 2024 Results",,"Caesars Entertainment, Inc. Reports Third Quarter 2024 Results"
Caesars Entertainment Celebrates Completion of $435M Transformation of Caesars New Orleans,,Caesars Entertainment Celebrates Completion of $435M Transformation of Caesars New Orleans
Celebrated Multi-Michelin-Starred Chef Gordon Ramsay Brings First Restaurant to Virginia with Arrival of Ramsay’s Kitchen at Caesars Virginia,,Celebrated Multi-Michelin-Starred Chef Gordon Ramsay Brings First Restaurant to Virginia with Arrival of Ramsay’s Kitchen at Caesars Virginia
"Caesars Entertainment Launches its Newest Proprietary iGaming Platform, Horseshoe Online Casino",,"Caesars Entertainment Launches its Newest Proprietary iGaming Platform, Horseshoe Online Casino"
"Caesars Entertainment, Inc. Announces Pricing of Offering of Senior Notes",,"Caesars Entertainment, Inc. Announces Pricing of Offering of Senior Notes"
"Caesars Entertainment, Inc. Announces Proposed Offering of Senior Notes",,"Caesars Entertainment, Inc. Announces Proposed Offering of Senior Notes"
"Caesars Entertainment, Inc. to Report 2024 Third Quarter Results on October 29, 2024",,"Caesars Entertainment, Inc. to Report 2024 Third Quarter Results on October 29, 2024"
"Planet Hollywood Resort & Casino and Tao Group Hospitality Will Open New Dining Concept, Caramella, This Winter",,"Planet Hollywood Resort & Casino and Tao Group Hospitality Will Open New Dining Concept, Caramella, This Winter"
Caesars Sportsbook Expands Sports Betting Offering in Washington State with Mobile Wagering Launch at Muckleshoot Casino Resort,,Caesars Sportsbook Expands Sports Betting Offering in Washington State with Mobile Wagering Launch at Muckleshoot Casino Resort
Caesars Sportsbook Becomes First to Accept In-person Sports Wagers in Maine Through Partnership with First Tracks Investments LLC,,Caesars Sportsbook Becomes First to Accept In-person Sports Wagers in Maine Through Partnership with First Tracks Investments LLC
"Garth Brooks Announces Final Three Weekends for Garth Brooks/Plus ONE at The Colosseum at Caesars Palace February 21 – March 9, 2025",,"Garth Brooks Announces Final Three Weekends for Garth Brooks/Plus ONE at The Colosseum at Caesars Palace February 21 – March 9, 2025"
Globally Acclaimed Music Group Black Eyed Peas Announce New Las Vegas Residency at PH Live at Planet Hollywood Resort & Casino,,Globally Acclaimed Music Group Black Eyed Peas Announce New Las Vegas Residency at PH Live at Planet Hollywood Resort & Casino
"Caesars Sportsbook to Expand Wagering Footprint in Washington, D.C.",,"Caesars Sportsbook to Expand Wagering Footprint in Washington, D.C."
Donny Osmond Celebrates Third Anniversary and Extends Las Vegas Residency at Harrah’s Las Vegas,,Donny Osmond Celebrates Third Anniversary and Extends Las Vegas Residency at Harrah’s Las Vegas
Jerry Seinfeld Returns to The Colosseum at Caesars Palace for Six Performances in 2025,,Jerry Seinfeld Returns to The Colosseum at Caesars Palace for Six Performances in 2025
Caesars Entertainment Celebrates 35 Years of Responsible Gaming Leadership During Responsible Gaming Education Month,,Caesars Entertainment Celebrates 35 Years of Responsible Gaming Leadership During Responsible Gaming Education Month
Caesars Entertainment Partners with the Detroit Lions Ahead of the 2024-25 NFL Season,,Caesars Entertainment Partners with the Detroit Lions Ahead of the 2024-25 NFL Season
"By Popular Demand, Final Shows Added for Shania Twain: COME ON OVER – The Las Vegas Residency at PH Live at Planet Hollywood Resort & Casino",,"By Popular Demand, Final Shows Added for Shania Twain: COME ON OVER – The Las Vegas Residency at PH Live at Planet Hollywood Resort & Casino"
Mokbar by Esther Choi Opens This Fall Inside the Forum Food Hall at Caesars Palace,,Mokbar by Esther Choi Opens This Fall Inside the Forum Food Hall at Caesars Palace
Nobu Restaurant at Caesars New Orleans Now Open,,Nobu Restaurant at Caesars New Orleans Now Open
"Celebrating 25 Remarkable Years, Paris Las Vegas Offers Guests More Reasons to Love the Iconic Resort, Including the Newly Redesigned Versailles Tower with Balcony Rooms and Strip Views",,"Celebrating 25 Remarkable Years, Paris Las Vegas Offers Guests More Reasons to Love the Iconic Resort, Including the Newly Redesigned Versailles Tower with Balcony Rooms and Strip Views"
"Blake Shelton: Live In Las Vegas Coming To The Colosseum At Caesars Palace February 5-15, 2025",,"Blake Shelton: Live In Las Vegas Coming To The Colosseum At Caesars Palace February 5-15, 2025"
He’s Back by Popular Demand! Sir Rod Stewart Returning to The Colosseum at Caesars Palace in 2025,,He’s Back by Popular Demand! Sir Rod Stewart Returning to The Colosseum at Caesars Palace in 2025
Caesars Entertainment Agrees to Sell World Series of Poker® Brand to NSUS Group for US$500 million,,Caesars Entertainment Agrees to Sell World Series of Poker® Brand to NSUS Group for US$500 million
Caesars Entertainment Donates $3.1M to Local and National Non-Profit Organizations Across the Country Through Caesars Foundation,,Caesars Entertainment Donates $3.1M to Local and National Non-Profit Organizations Across the Country Through Caesars Foundation
"Caesars Entertainment, Inc. Reports Second Quarter 2024 Results",,"Caesars Entertainment, Inc. Reports Second Quarter 2024 Results"
"JONATHAN TAMAYO WINS POKER’S BIGGEST PRIZE, TAKES HOME 2024 WORLD SERIES OF POKER® MAIN EVENT® TITLE",,"JONATHAN TAMAYO WINS POKER’S BIGGEST PRIZE, TAKES HOME 2024 WORLD SERIES OF POKER® MAIN EVENT® TITLE"
Caesars Entertainment Wins Corporate Social Responsibility Award at National Council on Problem Gambling National Awards,,Caesars Entertainment Wins Corporate Social Responsibility Award at National Council on Problem Gambling National Awards
Buddy Valastro Celebrates Grand Opening of Buddy’s Boardwalk Empire at Harrah’s Resort Atlantic City,,Buddy Valastro Celebrates Grand Opening of Buddy’s Boardwalk Empire at Harrah’s Resort Atlantic City
WSOP® PARADISE RETURNS WITH A $50 MILLION GUARANTEED “SUPER” MAIN EVENT,,WSOP® PARADISE RETURNS WITH A $50 MILLION GUARANTEED “SUPER” MAIN EVENT
"Caesars Sportsbook Expands Mobile Sports Betting Access in Washington, D.C.",,"Caesars Sportsbook Expands Mobile Sports Betting Access in Washington, D.C."
"Caesars Entertainment Acquires Sports Betting Technology Company, ZeroFlucs",,"Caesars Entertainment Acquires Sports Betting Technology Company, ZeroFlucs"
"Caesars Entertainment, Inc. Appoints Rodney Williams to Board of Directors",,"Caesars Entertainment, Inc. Appoints Rodney Williams to Board of Directors"
"Caesars Entertainment, Inc. to Report 2024 Second Quarter Results on July 30, 2024",,"Caesars Entertainment, Inc. to Report 2024 Second Quarter Results on July 30, 2024"
"Caesars Entertainment, Inc. Completes Previously Announced Acquisition of Michigan iGaming Operations from Wynn Resorts",,"Caesars Entertainment, Inc. Completes Previously Announced Acquisition of Michigan iGaming Operations from Wynn Resorts"
Caesars Entertainment Releases 2023 Corporate Social Responsibility Report,,Caesars Entertainment Releases 2023 Corporate Social Responsibility Report
Guy Fieri’s Trattoria Now Open at Eldorado Gaming Scioto Downs,,Guy Fieri’s Trattoria Now Open at Eldorado Gaming Scioto Downs
Caesars Palace Opens Buddy V’s Pizzeria by Buddy Valastro This Summer,,Caesars Palace Opens Buddy V’s Pizzeria by Buddy Valastro This Summer
Vegas Golden Knights Champion Jonathan Marchessault Kicks Off 55th Annual World Series of Poker®,,Vegas Golden Knights Champion Jonathan Marchessault Kicks Off 55th Annual World Series of Poker®
World Series of Poker Makes Online Poker History With Launch of All-New WSOP Online,,World Series of Poker Makes Online Poker History With Launch of All-New WSOP Online
Paris Las Vegas Opens Dominique Ansel Marché in Fall 2024,,Paris Las Vegas Opens Dominique Ansel Marché in Fall 2024
"Caesars Entertainment Celebrates Grand Opening of Company’s First Nebraska Property, Harrah’s Columbus Nebraska Racing and Casino",,"Caesars Entertainment Celebrates Grand Opening of Company’s First Nebraska Property, Harrah’s Columbus Nebraska Racing and Casino"
"Celebrated, Multi-Michelin Star Chef Gordon Ramsay Opens His First Restaurant in St Louis, With The Arrival Of Ramsay’s Kitchen at Four Seasons Hotel St. Louis And Horseshoe St Louis",,"Celebrated, Multi-Michelin Star Chef Gordon Ramsay Opens His First Restaurant in St Louis, With The Arrival Of Ramsay’s Kitchen at Four Seasons Hotel St. Louis And Horseshoe St Louis"
"Legendary Comedian and Actor Martin Short Appointed as New Mayor of Funner, California",,"Legendary Comedian and Actor Martin Short Appointed as New Mayor of Funner, California"
Global Icon Shania Twain Celebrates Spectacular Debut of New COME ON OVER Residency at Bakkt Theater at Planet Hollywood Resort & Casino,,Global Icon Shania Twain Celebrates Spectacular Debut of New COME ON OVER Residency at Bakkt Theater at Planet Hollywood Resort & Casino
"Caesars Entertainment, Inc. Reports First Quarter 2024 Results",,"Caesars Entertainment, Inc. Reports First Quarter 2024 Results"
Caesars Palace Online Casino Upgrades App with First-of-its-kind Functionality,,Caesars Palace Online Casino Upgrades App with First-of-its-kind Functionality
"Caesars Entertainment, Inc. Appoints Kim Harris Jones to Board of Directors",,"Caesars Entertainment, Inc. Appoints Kim Harris Jones to Board of Directors"
Television Star and Restaurateur Lisa Vanderpump Hosts Grand Opening of Wolf by Vanderpump at Harveys Lake Tahoe,,Television Star and Restaurateur Lisa Vanderpump Hosts Grand Opening of Wolf by Vanderpump at Harveys Lake Tahoe
Caesars Entertainment and Nobu Hospitality Release Renderings for Nobu Hotel Caesars New Orleans as Soon-To-Be Caesars New Orleans Takes Shape,,Caesars Entertainment and Nobu Hospitality Release Renderings for Nobu Hotel Caesars New Orleans as Soon-To-Be Caesars New Orleans Takes Shape
Caesars Sportsbook Launches Mobile Wagering at Harrah’s Gulf Coast in Mississippi,,Caesars Sportsbook Launches Mobile Wagering at Harrah’s Gulf Coast in Mississippi
"""DJ Cassidy's Pass The Mic Live! The Iconic Las Vegas Residency"" Starring Ja Rule, Fat Joe, Slick Rick, Doug E. Fresh And Special Guests",,"""DJ Cassidy's Pass The Mic Live! The Iconic Las Vegas Residency"" Starring Ja Rule, Fat Joe, Slick Rick, Doug E. Fresh And Special Guests"
"Caesars Entertainment, Inc. to Report 2024 First Quarter Results on April 30, 2024",,"Caesars Entertainment, Inc. to Report 2024 First Quarter Results on April 30, 2024"
Caesars Sportsbook Recognized for Responsible Gaming Practices with Top Accreditation by Responsible Gambling Council’s RG Check Program,,Caesars Sportsbook Recognized for Responsible Gaming Practices with Top Accreditation by Responsible Gambling Council’s RG Check Program
"Jackpot Alert! Caesars Rewards® Member Wins More Than $400,000 Jackpot on Caesars Palace Online Casino",,"Jackpot Alert! Caesars Rewards® Member Wins More Than $400,000 Jackpot on Caesars Palace Online Casino"
Caesars Entertainment Senior Vice President of Racing Joe Morris Honored with 2024 USTA President’s Award,,Caesars Entertainment Senior Vice President of Racing Joe Morris Honored with 2024 USTA President’s Award
Buddy Valastro’s ‘Buddy’s Boardwalk Empire’ Opens at Harrah’s Resort Atlantic City Summer 2024,,Buddy Valastro’s ‘Buddy’s Boardwalk Empire’ Opens at Harrah’s Resort Atlantic City Summer 2024
Caesars Sportsbook Expands Mobile Wagering Statewide in North Carolina,,Caesars Sportsbook Expands Mobile Wagering Statewide in North Carolina
Caesars Entertainment Partners with Michelin-Starred Chef Rick Bayless,,Caesars Entertainment Partners with Michelin-Starred Chef Rick Bayless
Caesars Sportsbook and National Hockey League Renew Partnership,,Caesars Sportsbook and National Hockey League Renew Partnership
Caesars Republic Scottsdale Luxury Hotel is Now Open,,Caesars Republic Scottsdale Luxury Hotel is Now Open
Caesars Sportsbook Accepts Legalized Mobile Sports Wagers on Eastern Band of Cherokee Indians Tribal Lands in North Carolina; First Within State Borders,,Caesars Sportsbook Accepts Legalized Mobile Sports Wagers on Eastern Band of Cherokee Indians Tribal Lands in North Carolina; First Within State Borders
Caesars Entertainment Partners with Sault Ste. Marie Tribe of Chippewa Indians; Acquires Michigan iGaming Operations from Wynn Resorts,,Caesars Entertainment Partners with Sault Ste. Marie Tribe of Chippewa Indians; Acquires Michigan iGaming Operations from Wynn Resorts
"Caesars Entertainment, Inc. Reports Fourth Quarter and Full Year 2023 Results",,"Caesars Entertainment, Inc. Reports Fourth Quarter and Full Year 2023 Results"
Caesars Digital and AGS Interactive Celebrate Exclusive Omnichannel Launch of Rakin’ Bacon Odyssey in New Jersey,,Caesars Digital and AGS Interactive Celebrate Exclusive Omnichannel Launch of Rakin’ Bacon Odyssey in New Jersey
World Series of Poker Reveals Full 2024 WSOP Daily Event Schedule,,World Series of Poker Reveals Full 2024 WSOP Daily Event Schedule
Donny Osmond Extends Las Vegas Residency at Harrah’s Las Vegas,,Donny Osmond Extends Las Vegas Residency at Harrah’s Las Vegas
"Caesars Entertainment, Inc. Announces Satisfaction and Discharge and Related Redemption of 6.250% Senior Secured Notes Due 2025",,"Caesars Entertainment, Inc. Announces Satisfaction and Discharge and Related Redemption of 6.250% Senior Secured Notes Due 2025"
"Caesars Entertainment, Inc. Announces Full Redemption of 5.750% Senior Secured Notes Due 2025",,"Caesars Entertainment, Inc. Announces Full Redemption of 5.750% Senior Secured Notes Due 2025"
Caesars Entertainment's Atlantic City Resorts Announce Super Bowl LVIII Celebrations in Atlantic City,,Caesars Entertainment's Atlantic City Resorts Announce Super Bowl LVIII Celebrations in Atlantic City
Caesars Sportsbook Unveils Super Bowl LVIII Prop Betting Menu,,Caesars Sportsbook Unveils Super Bowl LVIII Prop Betting Menu
"Caesars Entertainment, Inc. Announces the Expiration and Results of Tender Offer for 6.250% Senior Secured Notes Due 2025",,"Caesars Entertainment, Inc. Announces the Expiration and Results of Tender Offer for 6.250% Senior Secured Notes Due 2025"
"Caesars Entertainment, Inc. Announces the Expiration and Results of Tender Offer for 5.750% Senior Secured Notes Due 2025",,"Caesars Entertainment, Inc. Announces the Expiration and Results of Tender Offer for 5.750% Senior Secured Notes Due 2025"
"Caesars Entertainment, Inc. Announces Extension of Tender Offer for 6.250% Senior Secured Notes Due 2025",,"Caesars Entertainment, Inc. Announces Extension of Tender Offer for 6.250% Senior Secured Notes Due 2025"
"Caesars Entertainment, Inc. Announces Pricing of Tender Offer for 6.250% Senior Secured Notes Due 2025",,"Caesars Entertainment, Inc. Announces Pricing of Tender Offer for 6.250% Senior Secured Notes Due 2025"
"Caesars Entertainment, Inc. Announces Pricing of Tender Offer for 5.750% Senior Secured Notes Due 2025",,"Caesars Entertainment, Inc. Announces Pricing of Tender Offer for 5.750% Senior Secured Notes Due 2025"
"Las Vegas Loves Disco – DISCOSHOW, Spiegelworld’s Non-Stop Party & Restaurant, Opens the Door on July 27 at 3535 Las Vegas Blvd",,"Las Vegas Loves Disco – DISCOSHOW, Spiegelworld’s Non-Stop Party & Restaurant, Opens the Door on July 27 at 3535 Las Vegas Blvd"
Caesars Entertainment and Eastern Band of Cherokee Indians Expand Relationship to Offer Mobile Sports Betting Throughout North Carolina,,Caesars Entertainment and Eastern Band of Cherokee Indians Expand Relationship to Offer Mobile Sports Betting Throughout North Carolina
Planet Hollywood Resort & Casino Debuts Glass Bar in Winter 2024,,Planet Hollywood Resort & Casino Debuts Glass Bar in Winter 2024
"Caesars Entertainment, Inc. Announces Commencement of Tender Offer for 5.750% Senior Secured Notes Due 2025",,"Caesars Entertainment, Inc. Announces Commencement of Tender Offer for 5.750% Senior Secured Notes Due 2025"
"Caesars Entertainment, Inc. Announces Pricing of Offering of Senior Secured Notes",,"Caesars Entertainment, Inc. Announces Pricing of Offering of Senior Secured Notes"
"Caesars Entertainment, Inc. Announces Proposed Offering of Senior Secured Notes",,"Caesars Entertainment, Inc. Announces Proposed Offering of Senior Secured Notes"
The Killers Set To Perform Iconic Debut Album Hot Fuss In Full For The First Time Ever,,The Killers Set To Perform Iconic Debut Album Hot Fuss In Full For The First Time Ever
"Caesars Entertainment, Inc. Announces Commencement of Tender Offer for 6.250% Senior Secured Notes Due 2025",,"Caesars Entertainment, Inc. Announces Commencement of Tender Offer for 6.250% Senior Secured Notes Due 2025"
Harrah’s Hoosier Park Completes $40 Million Expansion,,Harrah’s Hoosier Park Completes $40 Million Expansion
"Caesars Entertainment, Inc. to Report 2023 Fourth Quarter and Full Year Results on February 20, 2024",,"Caesars Entertainment, Inc. to Report 2023 Fourth Quarter and Full Year Results on February 20, 2024"
